Sr.#,District,Tehsil,Markaz,EMIS,School Name,Male Baseline,Male Current,Male Target,2026 Boys target,Female Baseline,Female Current,Female Target,2026 Girls Target,Total Baseline,2026 Target,Total Target,Total Current,New Admission 2026,2026 Target Achievement %
1,OKARA,DEPALPUR,AMLI MOTI - FEMALE,39310174,GGES AMLI MOTI,74,77,80,6,252,242,274,22,326,28,354,319,-7,-25.00
2,OKARA,DEPALPUR,AMLI MOTI - FEMALE,39310704,GGPS KOT BHATIAN,55,55,60,5,51,52,55,4,106,9,115,107,1,11.11
3,OKARA,DEPALPUR,AMLI MOTI - FEMALE,39310755,GGPS KHARAK SINGH,41,41,44,3,66,68,71,5,107,8,115,109,2,25.00
4,OKARA,DEPALPUR,AMLI MOTI - FEMALE,39310717,GGPS LOHARI WALA,55,56,60,5,55,57,60,5,110,10,120,113,3,30.00
5,OKARA,DEPALPUR,AMLI MOTI - FEMALE,39310697,GGES DOLA PUKHTA,67,69,72,5,135,139,145,10,202,15,217,208,6,40.00
6,OKARA,DEPALPUR,AMLI MOTI - FEMALE,39310720,GGPS BAHNI CHANDOOR,68,71,75,7,82,85,90,8,150,15,165,156,6,40.00
7,OKARA,DEPALPUR,AMLI MOTI - FEMALE,39310716,GMPS BAHRI PUR,58,62,63,5,62,64,68,6,120,11,131,126,6,54.55
8,OKARA,DEPALPUR,AMLI MOTI - FEMALE,39310737,GGPS CHAK NO.38 D KHURD,52,57,56,4,69,74,75,6,121,10,131,131,10,100.00
9,OKARA,DEPALPUR,AMLI MOTI - FEMALE,39310974,GMPS GUDARA,25,33,28,3,30,29,34,4,55,7,62,62,7,100.00
10,OKARA,DEPALPUR,AMLI MOTI - FEMALE,39311006,GGES TULLAH KAMBOH,40,48,43,3,141,149,150,9,181,12,193,197,16,133.33
11,OKARA,DEPALPUR,AMLI MOTI - FEMALE,39310705,GMPS QILA HARRI CHAND,29,32,32,3,22,31,25,3,51,6,57,63,12,200.00
12,OKARA,DEPALPUR,AMLI MOTI - MALE,39310465,GPS RAFI ABAD,82,82,90,8,43,43,47,4,125,12,137,125,0,0.00
13,OKARA,DEPALPUR,AMLI MOTI - MALE,39310481,GPS TIBBI SADA SINGH,104,104,115,11,0,0,0,0,104,11,115,104,0,0.00
14,OKARA,DEPALPUR,AMLI MOTI - MALE,39310459,GPS GUNGOO WAL,125,126,143,18,0,0,0,0,125,18,143,126,1,5.56
15,OKARA,DEPALPUR,AMLI MOTI - MALE,39310462,GPS BAKSHA NONARI,219,230,238,19,214,211,233,19,433,38,471,441,8,21.05
16,OKARA,DEPALPUR,AMLI MOTI - MALE,39310937,GPS CHANGA,65,71,71,6,58,57,63,5,123,11,134,128,5,45.45
17,OKARA,DEPALPUR,AMLI MOTI - MALE,39310463,GPS NAI ABADI MANCHRIAN,99,103,107,8,91,95,98,7,190,15,205,198,8,53.33
18,OKARA,DEPALPUR,AMLI MOTI - MALE,39310453,GPS BAKHU SHAH,128,138,140,12,0,0,0,0,128,12,140,138,10,83.33
19,OKARA,DEPALPUR,AMLI MOTI - MALE,39310989,GES DEPALPUR,211,215,226,15,3,16,3,0,214,15,229,231,17,113.33
20,OKARA,DEPALPUR,AMLI MOTI - MALE,39310458,GPS SORA SINGH,127,143,139,12,0,0,0,0,127,12,139,143,16,133.33
21,OKARA,DEPALPUR,ATTARI-MALE,39310208,GES KALAIR MAHMAND,193,207,210,17,7,7,8,1,200,18,218,214,14,77.78
22,OKARA,DEPALPUR,ATTARI-MALE,39310189,GPS AMIR SINGH,71,81,79,8,65,69,72,7,136,15,151,150,14,93.33
23,OKARA,DEPALPUR,ATTARI-MALE,39310205,GPS SUKHA LADHOKA,120,132,126,6,34,30,36,2,154,8,162,162,8,100.00
24,OKARA,DEPALPUR,ATTARI-MALE,39310190,GPS BUNGA SAHIBA,124,132,135,11,19,26,21,2,143,13,156,158,15,115.38
25,OKARA,DEPALPUR,BASIR PUR - FEMALE,39310634,GGPS ISLAM ABAD,10,10,11,1,78,77,83,5,88,6,94,87,-1,-16.67
26,OKARA,DEPALPUR,BASIR PUR - FEMALE,39310624,GGPS BASIR PUR NO 6,122,128,140,18,148,144,169,21,270,39,309,272,2,5.13
27,OKARA,DEPALPUR,BASIR PUR - FEMALE,39310966,GGPS DARBAR KHAWAJA M AKBAR BASIR PUR,97,109,108,11,155,145,173,18,252,29,281,254,2,6.90
28,OKARA,DEPALPUR,BASIR PUR - FEMALE,39310519,GGPS CHAK AHMED YAR,0,13,0,0,175,164,194,19,175,19,194,177,2,10.53
29,OKARA,DEPALPUR,BASIR PUR - FEMALE,39310602,GGPS NO 4 PETROL PUMP BASIR PUR,34,38,39,5,46,44,52,6,80,11,91,82,2,18.18
30,OKARA,DEPALPUR,BASIR PUR - FEMALE,39310623,GGPS TAHIR KALAN NO. 2,0,1,0,0,155,158,170,15,155,15,170,159,4,26.67
31,OKARA,DEPALPUR,BASIR PUR - FEMALE,39310601,GGES BASIR PUR NO 3 NAI ABADI BASIR PUR,0,0,0,0,293,311,338,45,293,45,338,311,18,40.00
32,OKARA,DEPALPUR,BASIR PUR - FEMALE,39310487,GGPS NO. 5 BASIR PUR,89,103,100,11,176,179,197,21,265,32,297,282,17,53.13
33,OKARA,DEPALPUR,BASIR PUR - FEMALE,39310980,GGES KALASSAN PARAMAL,0,0,0,0,85,94,94,9,85,9,94,94,9,100.00
34,OKARA,DEPALPUR,BASIR PUR - FEMALE,39311051,GGES PHULAN TOLI KALAN,6,14,6,0,118,118,124,6,124,6,130,132,8,133.33
35,OKARA,DEPALPUR,BASIR PUR - MALE,39310071,GES ALI GARH,183,182,204,21,1,1,1,0,184,21,205,183,-1,-4.76
36,OKARA,DEPALPUR,BASIR PUR - MALE,39310314,GPS BASHIR KOT,145,142,160,15,21,24,23,2,166,17,183,166,0,0.00
37,OKARA,DEPALPUR,BASIR PUR - MALE,39310308,GPS BASIR PUR NO 5,160,155,189,29,62,67,73,11,222,40,262,222,0,0.00
38,OKARA,DEPALPUR,BASIR PUR - MALE,39310310,GPS BASIR PUR NO. 3,162,162,195,33,0,0,0,0,162,33,195,162,0,0.00
39,OKARA,DEPALPUR,BASIR PUR - MALE,39310336,GPS KOT SHER KHAN,151,151,174,23,0,0,0,0,151,23,174,151,0,0.00
40,OKARA,DEPALPUR,BASIR PUR - MALE,39310318,GPS ARORA JAGIR,167,169,192,25,118,121,135,17,285,42,327,290,5,11.90
41,OKARA,DEPALPUR,BASIR PUR - MALE,39310339,GPS AMIN KOT,79,79,86,7,51,53,56,5,130,12,142,132,2,16.67
42,OKARA,DEPALPUR,BASIR PUR - MALE,39310962,GPS HAZRAT KHAWAJA M AKBAR BASIR PUR,79,83,83,4,38,35,40,2,117,6,123,118,1,16.67
43,OKARA,DEPALPUR,BASIR PUR - MALE,39310309,GPS NO. 4 BASIR PUR,149,149,170,21,68,80,78,10,217,31,248,229,12,38.71
44,OKARA,DEPALPUR,BASIR PUR - MALE,39310070,GES BASIR PUR NO. 2,553,573,595,42,0,0,0,0,553,42,595,573,20,47.62
45,OKARA,DEPALPUR,BASIR PUR - MALE,39310311,GPS BATAK,181,208,201,20,38,34,42,4,219,24,243,242,23,95.83
46,OKARA,DEPALPUR,BHOMAN SHAH - FEMALE,39310151,GGES PASAIL,26,40,29,3,123,120,135,12,149,15,164,160,11,73.33
47,OKARA,DEPALPUR,BHOMAN SHAH - FEMALE,39310672,GGES JASSO KEY DHON,27,31,30,3,174,189,190,16,201,19,220,220,19,100.00
48,OKARA,DEPALPUR,BHOMAN SHAH - FEMALE,39311053,GGPS BAHAWAL DAS,5,17,6,1,108,113,124,16,113,17,130,130,17,100.00
49,OKARA,DEPALPUR,BHOMAN SHAH - FEMALE,39310668,GGPS HAKAM SADHAR KEY,0,6,0,0,140,151,157,17,140,17,157,157,17,100.00
50,OKARA,DEPALPUR,BHOMAN SHAH - FEMALE,39310147,GGES BHOMAN SHAH,0,0,0,0,239,263,262,23,239,23,262,263,24,104.35
51,OKARA,DEPALPUR,BHOMAN SHAH - FEMALE,39310671,GGPS KOTHA JHANG SHISHAM,42,48,48,6,74,88,85,11,116,17,133,136,20,117.65
52,OKARA,DEPALPUR,BHOMAN SHAH - FEMALE,39310144,GGES 45/S.P,0,0,0,0,245,258,256,11,245,11,256,258,13,118.18
53,OKARA,DEPALPUR,BHOMAN SHAH - MALE,39310326,GPS KABIAN WALI,81,52,90,9,40,28,44,4,121,13,134,80,-41,-315.38
54,OKARA,DEPALPUR,BHOMAN SHAH - MALE,39310356,GPS ISLAM NAGAR,143,145,167,24,0,0,0,0,143,24,167,145,2,8.33
55,OKARA,DEPALPUR,BHOMAN SHAH - MALE,39310366,GPS JUSSO KEY DHONE,124,137,146,22,1,1,1,0,125,22,147,138,13,59.09
56,OKARA,DEPALPUR,BHOMAN SHAH - MALE,39310092,GES 45/SP KHOTI PUR,211,228,229,18,0,0,0,0,211,18,229,228,17,94.44
57,OKARA,DEPALPUR,BHOMAN SHAH - MALE,39310086,GES FARID PUR JAGIR,126,129,133,7,94,102,99,5,220,12,232,232,12,100.00
58,OKARA,DEPALPUR,BHOMAN SHAH - MALE,39310874,GPS CHAK BILLI MAR,216,221,230,14,144,163,153,9,360,23,383,384,24,104.35
59,OKARA,DEPALPUR,BHOMAN SHAH - MALE,39311032,GPS RAKH THAKRA,57,66,61,4,49,49,53,4,106,8,114,115,9,112.50
60,OKARA,DEPALPUR,BHULLY WAL-MALE,39310949,GPS CHOOR MAHTAM,64,60,68,4,58,61,61,3,122,7,129,121,-1,-14.29
61,OKARA,DEPALPUR,BHULLY WAL-MALE,39310386,GPS TARSANGI SHARIF,151,153,175,24,0,2,0,0,151,24,175,155,4,16.67
62,OKARA,DEPALPUR,BHULLY WAL-MALE,39310081,GES CHURA LAKHVERA MANEKA,181,184,197,16,24,39,26,2,205,18,223,223,18,100.00
63,OKARA,DEPALPUR,BHULLY WAL-MALE,39310363,GPS BHIDAL UTAR,89,94,97,8,36,42,39,3,125,11,136,136,11,100.00
64,OKARA,DEPALPUR,BHULLY WAL-MALE,39310387,GPS BHOKAN GHUDAR KAY,75,87,83,8,57,59,63,6,132,14,146,146,14,100.00
65,OKARA,DEPALPUR,BHULLY WAL-MALE,39310364,GPS HAKOOMAT GARH,119,133,133,14,0,0,0,0,119,14,133,133,14,100.00
66,OKARA,DEPALPUR,BHULLY WAL-MALE,39310879,GPS QALI FOJIAN WALI,65,64,70,5,60,70,64,4,125,9,134,134,9,100.00
67,OKARA,DEPALPUR,BHULLY WAL-MALE,39310091,GES BULEHWAL,201,224,219,18,0,0,0,0,201,18,219,224,23,127.78
68,OKARA,DEPALPUR,BHULLY WAL-MALE,39311058,GPS MANGA BHIDAL MATHELA,94,101,98,4,70,75,73,3,164,7,171,176,12,171.43
69,OKARA,DEPALPUR,BULHAY WAL   -FEMALE,39310156,GGES CHAK 3/S.P,0,0,0,0,335,311,380,45,335,45,380,312,-23,-51.11
70,OKARA,DEPALPUR,BULHAY WAL   -FEMALE,39310149,GGES CHURA MANEKA,10,14,12,2,75,78,89,14,85,16,101,92,7,43.75
71,OKARA,DEPALPUR,BULHAY WAL   -FEMALE,39310154,GGES 5/S.P LADHUKA,16,17,18,2,41,45,46,5,57,7,64,62,5,71.43
72,OKARA,DEPALPUR,BULHAY WAL   -FEMALE,39310650,GGPS HABIB KOT,34,39,39,5,57,64,66,9,91,14,105,103,12,85.71
73,OKARA,DEPALPUR,BULHAY WAL   -FEMALE,39310645,GGPS TARSANGI,33,48,37,4,127,132,142,15,160,19,179,180,20,105.26
74,OKARA,DEPALPUR,BULHAY WAL   -FEMALE,39310943,GGES BULEHWAL,0,0,0,0,102,109,108,6,102,6,108,109,7,116.67
75,OKARA,DEPALPUR,BULHAY WAL   -FEMALE,39310643,GGPS CHAK ANOKH SINGH,33,54,36,3,46,65,50,4,79,7,86,119,40,571.43
76,OKARA,DEPALPUR,CHAK BAWA - FEMALE,39310659,GGPS MALHU SHEIKHU KA,8,8,9,1,76,73,86,10,84,11,95,81,-3,-27.27
77,OKARA,DEPALPUR,CHAK BAWA - FEMALE,39310666,GGPS CHAK MUGHAL,36,41,40,4,75,70,84,9,111,13,124,111,0,0.00
78,OKARA,DEPALPUR,CHAK BAWA - FEMALE,39310143,GGES PIPLI MEHTAB RAI,56,66,60,4,155,147,167,12,211,16,227,213,2,12.50
79,OKARA,DEPALPUR,CHAK BAWA - FEMALE,39310678,GGPS JAWAYA BALOCH,0,13,0,0,289,290,319,30,289,30,319,303,14,46.67
80,OKARA,DEPALPUR,CHAK BAWA - FEMALE,39310160,GGES CHAK BAWA,43,50,47,4,509,530,557,48,552,52,604,580,28,53.85
81,OKARA,DEPALPUR,CHAK BAWA - FEMALE,39310613,GGPS ISLAM NAGAR HAVELI,0,15,0,0,143,150,171,28,143,28,171,165,22,78.57
82,OKARA,DEPALPUR,CHAK BAWA - FEMALE,39310641,GGPS BAHMANI DAKHLI JOWAYA BALOCH,40,47,43,3,70,71,75,5,110,8,118,118,8,100.00
83,OKARA,DEPALPUR,CHAK BAWA - FEMALE,39310687,GGPS QAIM JINDE KA,4,3,4,0,118,129,128,10,122,10,132,132,10,100.00
84,OKARA,DEPALPUR,CHAK BAWA - FEMALE,39310158,GGES NAMA JINDAY KA,12,25,13,1,159,167,177,18,171,19,190,192,21,110.53
85,OKARA,DEPALPUR,CHAK BAWA - FEMALE,39310684,GGPS RATTAY KAY,5,30,6,1,156,169,173,17,161,18,179,199,38,211.11
86,OKARA,DEPALPUR,CHAK BAWA - MALE,39310883,GPS KHAWAJA NOOR MUHAMMAD,113,98,123,10,2,14,2,0,115,10,125,112,-3,-30.00
87,OKARA,DEPALPUR,CHAK BAWA - MALE,39310358,GPS FARID PUR SOHAG,108,108,126,18,0,0,0,0,108,18,126,108,0,0.00
88,OKARA,DEPALPUR,CHAK BAWA - MALE,39310087,GES CHAK BAWA,471,474,531,60,0,0,0,0,471,60,531,474,3,5.00
89,OKARA,DEPALPUR,CHAK BAWA - MALE,39310362,GPS KALOO WAH,55,53,62,7,46,49,52,6,101,13,114,102,1,7.69
90,OKARA,DEPALPUR,CHAK BAWA - MALE,39310403,GPS CHISHTI MOLIA,70,67,77,7,39,43,43,4,109,11,120,110,1,9.09
91,OKARA,DEPALPUR,CHAK BAWA - MALE,39310402,GPS QAIM JINDE KA,123,130,140,17,0,0,0,0,123,17,140,130,7,41.18
92,OKARA,DEPALPUR,CHAK BAWA - MALE,39310090,GES CHAK 42/SP SAMUNDARI,200,199,217,17,0,18,0,0,200,17,217,217,17,100.00
93,OKARA,DEPALPUR,CHAK BAWA - MALE,39310357,GES NAMA JINDAY KA ,152,163,163,11,0,0,0,0,152,11,163,163,11,100.00
94,OKARA,DEPALPUR,CHAMBA-MALE,39310088,GES MOHIB ALI OTAR,138,148,142,4,64,54,66,2,202,6,208,202,0,0.00
95,OKARA,DEPALPUR,CHAMBA-MALE,39310399,GPS CHAK NO 14-D,122,122,143,21,0,0,0,0,122,21,143,122,0,0.00
96,OKARA,DEPALPUR,CHAMBA-MALE,39310374,GPS WAN SHERIN WALI,111,106,125,14,96,106,108,12,207,26,233,212,5,19.23
97,OKARA,DEPALPUR,CHAMBA-MALE,39310382,GPS 5-SP SIKHAN WALA,134,134,148,14,99,107,110,11,233,25,258,241,8,32.00
98,OKARA,DEPALPUR,CHAMBA-MALE,39310083,GES 2/SP CHANBA,220,242,238,18,0,0,0,0,220,18,238,242,22,122.22
99,OKARA,DEPALPUR,CHURASTA MIAN KHAN - FEMALE,39310133,GGES LOOMARI,3,4,4,1,42,41,50,8,45,9,54,45,0,0.00
100,OKARA,DEPALPUR,CHURASTA MIAN KHAN - FEMALE,39310633,GGPS CHISHTI QUTAB DIN,0,0,0,0,121,123,142,21,121,21,142,123,2,9.52
101,OKARA,DEPALPUR,CHURASTA MIAN KHAN - FEMALE,39311076,GGPS CHORASTA MIAN KHAN,62,63,66,4,65,65,69,4,127,8,135,128,1,12.50
102,OKARA,DEPALPUR,CHURASTA MIAN KHAN - FEMALE,39310749,GGES BHAI RAO KAY,57,70,64,7,158,153,176,18,215,25,240,223,8,32.00
103,OKARA,DEPALPUR,CHURASTA MIAN KHAN - FEMALE,39310675,GGES LADHEYWAL,0,0,0,0,361,375,401,40,361,40,401,375,14,35.00
104,OKARA,DEPALPUR,CHURASTA MIAN KHAN - FEMALE,39310604,GGPS PATI PUR (SULTAN NAGAR),66,68,73,7,69,72,76,7,135,14,149,140,5,35.71
105,OKARA,DEPALPUR,CHURASTA MIAN KHAN - FEMALE,39310142,GGES KANI PUR,18,28,19,1,155,158,168,13,173,14,187,186,13,92.86
106,OKARA,DEPALPUR,CHURASTA MIAN KHAN - FEMALE,39310564,GCMPS CHAK KAMBOH,173,199,181,8,202,196,211,9,375,17,392,395,20,117.65
107,OKARA,DEPALPUR,CHURASTA MIAN KHAN - MALE,39310342,GES TAHIR KALAN,271,273,299,28,0,0,0,0,271,28,299,273,2,7.14
108,OKARA,DEPALPUR,CHURASTA MIAN KHAN - MALE,39310325,GPS NOOR KAY,48,52,54,6,53,50,59,6,101,12,113,102,1,8.33
109,OKARA,DEPALPUR,CHURASTA MIAN KHAN - MALE,39310065,GES BHONE MANZABTA,172,168,182,10,40,46,42,2,212,12,224,215,3,25.00
110,OKARA,DEPALPUR,CHURASTA MIAN KHAN - MALE,39310074,GES CHISHTI QUTAB DIN,231,241,258,27,0,0,0,0,231,27,258,241,10,37.04
111,OKARA,DEPALPUR,CHURASTA MIAN KHAN - MALE,39310315,GPS DHABBI,94,101,105,11,81,82,90,9,175,20,195,183,8,40.00
112,OKARA,DEPALPUR,CHURASTA MIAN KHAN - MALE,39310345,GPS KANI PUR,98,104,104,6,7,8,7,0,105,6,111,112,7,116.67
113,OKARA,DEPALPUR,CHURASTA MIAN KHAN - MALE,39310063,GES LOOMARY,66,72,75,9,1,6,1,0,67,9,76,78,11,122.22
114,OKARA,DEPALPUR,CHURASTA MIAN KHAN - MALE,39310255,GPS BONGI TAHIR,76,89,79,3,59,66,62,3,135,6,141,155,20,333.33
115,OKARA,DEPALPUR,DEPALPUR - FEMALE,39310735,GGPS NO 5 DEPALPUR,40,39,43,3,46,38,49,3,86,6,92,77,-9,-150.00
116,OKARA,DEPALPUR,DEPALPUR - FEMALE,39310734,GGPS NO.6 DEPALPUR,0,0,0,0,221,224,249,28,221,28,249,224,3,10.71
117,OKARA,DEPALPUR,DEPALPUR - FEMALE,39310746,GMPS NIZAM DIN,173,183,193,20,164,159,182,18,337,38,375,342,5,13.16
118,OKARA,DEPALPUR,DEPALPUR - FEMALE,39310696,GGPS MEER AMAN ULLAH,28,32,31,3,31,28,34,3,59,6,65,60,1,16.67
119,OKARA,DEPALPUR,DEPALPUR - FEMALE,39310742,GGPS BASTI SADIN SAIN,0,0,0,0,152,156,169,17,152,17,169,156,4,23.53
120,OKARA,DEPALPUR,DEPALPUR - FEMALE,39310168,GGES DEPALPUR NO 2,40,57,45,5,622,626,694,72,662,77,739,683,21,27.27
121,OKARA,DEPALPUR,DEPALPUR - FEMALE,39310137,GGES 29-D,17,20,19,2,131,136,147,16,148,18,166,156,8,44.44
122,OKARA,DEPALPUR,DEPALPUR - FEMALE,39310171,GGES RATTA KHANA,4,26,5,1,229,237,269,40,233,41,274,263,30,73.17
123,OKARA,DEPALPUR,DEPALPUR - FEMALE,39310942,GGPS BASTI NAVEED KHAN,52,54,57,5,57,66,63,6,109,11,120,120,11,100.00
124,OKARA,DEPALPUR,DEPALPUR - FEMALE,39310745,GGPS ISLAM PURA,23,28,25,2,118,127,130,12,141,14,155,155,14,100.00
125,OKARA,DEPALPUR,DEPALPUR - FEMALE,39310132,GGES SHAM DIN,71,84,75,4,117,117,124,7,188,11,199,202,14,127.27
126,OKARA,DEPALPUR,DEPALPUR - FEMALE,39310754,GGCMES QILA JAWIND SINGH,0,0,0,0,122,142,135,13,122,13,135,142,20,153.85
127,OKARA,DEPALPUR,DEPALPUR - MALE,39310059,GES SAHLOWAL,140,141,150,10,20,19,21,1,160,11,171,160,0,0.00
128,OKARA,DEPALPUR,DEPALPUR - MALE,39310469,GPS ISLAM PURA,88,89,93,5,14,13,15,1,102,6,108,102,0,0.00
129,OKARA,DEPALPUR,DEPALPUR - MALE,39310450,GPS NO.2 DEPALPUR,317,314,348,31,41,48,45,4,358,35,393,362,4,11.43
130,OKARA,DEPALPUR,DEPALPUR - MALE,39310816,GPS CHAK NO. 33-D,124,127,140,16,0,0,0,0,124,16,140,127,3,18.75
131,OKARA,DEPALPUR,DEPALPUR - MALE,39310475,GPS JALAL KOT SANI,64,57,71,7,38,48,42,4,102,11,113,105,3,27.27
132,OKARA,DEPALPUR,DEPALPUR - MALE,39310466,GPS QILA JAWAND SINGH,124,122,131,7,0,4,0,0,124,7,131,126,2,28.57
133,OKARA,DEPALPUR,DEPALPUR - MALE,39310855,GPS CHAK 7/D,84,91,94,10,82,82,92,10,166,20,186,173,7,35.00
134,OKARA,DEPALPUR,DEPALPUR - MALE,39310302,GPS SHAM DIN WAGRA,71,75,78,7,31,31,34,3,102,10,112,106,4,40.00
135,OKARA,DEPALPUR,DEPALPUR - MALE,39310480,GES SHAREEN MUAFI,303,305,323,20,17,36,18,1,320,21,341,341,21,100.00
136,OKARA,DEPALPUR,DEPALPUR - MALE,39310299,GPS SUNARI WALA,58,64,64,6,55,61,61,6,113,12,125,125,12,100.00
137,OKARA,DEPALPUR,DEPALPUR - MALE,39310102,GES 31/D,231,233,255,24,69,99,76,7,300,31,331,332,32,103.23
138,OKARA,DEPALPUR,DOLOO WAL   -FEMALE,39311013,GGES CHAK PINDI MOHLAN,96,91,102,6,158,165,167,9,254,15,269,256,2,13.33
139,OKARA,DEPALPUR,DOLOO WAL   -FEMALE,39311033,GGES 34-D,12,11,13,1,95,98,103,8,107,9,116,109,2,22.22
140,OKARA,DEPALPUR,DOLOO WAL   -FEMALE,39310748,GGES 42/D KALAN,0,0,0,0,349,364,387,38,349,38,387,364,15,39.47
141,OKARA,DEPALPUR,DOLOO WAL   -FEMALE,39310753,GGPS DOLLO WALL,33,35,36,3,239,248,263,24,272,27,299,283,11,40.74
142,OKARA,DEPALPUR,DOLOO WAL   -FEMALE,39310553,GGES CHAK NO. 37/D,1,13,1,0,177,174,197,20,178,20,198,187,9,45.00
143,OKARA,DEPALPUR,DOLOO WAL   -FEMALE,39310723,GMPS 45 / D,77,77,81,4,69,73,73,4,146,8,154,150,4,50.00
144,OKARA,DEPALPUR,DOLOO WAL   -FEMALE,39310728,GGPS 49-D,2,1,2,0,167,182,188,21,169,21,190,183,14,66.67
145,OKARA,DEPALPUR,DOLOO WAL   -FEMALE,39310701,GGES CHAK NO. 39/D,0,0,0,0,332,351,358,26,332,26,358,351,19,73.08
146,OKARA,DEPALPUR,DOLOO WAL   -FEMALE,39310596,GGPS AJJU WALA,70,74,77,7,92,100,101,9,162,16,178,174,12,75.00
147,OKARA,DEPALPUR,DOLOO WAL   -FEMALE,39310736,GMPS CHAK FAZAL SHAH,16,17,19,3,23,29,28,5,39,8,47,46,7,87.50
148,OKARA,DEPALPUR,DOLOWAL-MALE,39310931,GPS CHAK 38-D CHORASTA,57,57,60,3,61,55,64,3,118,6,124,112,-6,-100.00
149,OKARA,DEPALPUR,DOLOWAL-MALE,39310919,GPS NAWAN CHAK KHARAK SINGH,74,75,82,8,47,47,52,5,121,13,134,122,1,7.69
150,OKARA,DEPALPUR,DOLOWAL-MALE,39310411,GPS CHAK KHARAK SINGH,81,84,92,11,47,46,53,6,128,17,145,130,2,11.76
151,OKARA,DEPALPUR,DOLOWAL-MALE,39310449,GPS CHAK NO. 50-D NEW,145,150,167,22,0,0,0,0,145,22,167,150,5,22.73
152,OKARA,DEPALPUR,DOLOWAL-MALE,39310443,GPS CHAK NO.44-D,75,81,81,6,76,73,82,6,151,12,163,154,3,25.00
153,OKARA,DEPALPUR,DOLOWAL-MALE,39310926,GPS CANAL COLONY,61,60,64,3,43,46,45,2,104,5,109,106,2,40.00
154,OKARA,DEPALPUR,DOLOWAL-MALE,39310903,GPS CHAK 43 D KHURD,39,48,45,6,65,63,74,9,104,15,119,111,7,46.67
155,OKARA,DEPALPUR,DOLOWAL-MALE,39310415,GES DOULO WAL,158,179,171,13,54,51,59,5,212,18,230,230,18,100.00
156,OKARA,DEPALPUR,FAIZ ABAD - FEMALE,39310141,GGES ROHEELA TAIJEKA ,0,0,0,0,151,149,168,17,151,17,168,149,-2,-11.76
157,OKARA,DEPALPUR,FAIZ ABAD - FEMALE,39310508,GGES RUKAN PURA,0,0,0,0,313,315,335,22,313,22,335,315,2,9.09
158,OKARA,DEPALPUR,FAIZ ABAD - FEMALE,39310532,GGES SUKHA LADHOKA,32,34,34,2,168,168,180,12,200,14,214,202,2,14.29
159,OKARA,DEPALPUR,FAIZ ABAD - FEMALE,39310119,GGES CHAK GANDA SINGH,0,0,0,0,177,185,202,25,177,25,202,185,8,32.00
160,OKARA,DEPALPUR,FAIZ ABAD - FEMALE,39310511,GGES KEERIAN WALI NO. 1 (MUHAMMAD NAGAR NO.1),4,9,5,1,165,168,186,21,169,22,191,177,8,36.36
161,OKARA,DEPALPUR,FAIZ ABAD - FEMALE,39310490,GGPS KALAIR KALAN,0,0,0,0,231,249,259,28,231,28,259,249,18,64.29
162,OKARA,DEPALPUR,FAIZ ABAD - FEMALE,39310118,GGES ATTARI,1,4,1,0,181,195,198,17,182,17,199,199,17,100.00
163,OKARA,DEPALPUR,FAIZ ABAD - MALE,39310225,GPS MANO WALA,61,55,66,5,43,48,46,3,104,8,112,103,-1,-12.50
164,OKARA,DEPALPUR,FAIZ ABAD - MALE,39310186,GPS JHANG ABDULLAH SHAH,51,47,57,6,56,60,63,7,107,13,120,107,0,0.00
165,OKARA,DEPALPUR,FAIZ ABAD - MALE,39310185,GES GUDAR MALKANA,93,96,98,5,63,68,67,4,156,9,165,164,8,88.89
166,OKARA,DEPALPUR,FAIZ ABAD - MALE,39310203,GES FAIZ ABAD,118,124,126,8,37,42,40,3,155,11,166,166,11,100.00
167,OKARA,DEPALPUR,FAIZ ABAD - MALE,39310207,GPS WANAN WALA,74,80,80,6,29,31,31,2,103,8,111,111,8,100.00
168,OKARA,DEPALPUR,FAIZ ABAD - MALE,39310067,GES MOHAMMAD NAGAR LADHUKA,156,203,176,20,0,0,0,0,156,20,176,203,47,235.00
169,OKARA,DEPALPUR,FAREED KOT -FEMALE,39310739,GGPS CHARHAT SINGH,34,19,36,2,70,68,74,4,104,6,110,87,-17,-283.33
170,OKARA,DEPALPUR,FAREED KOT -FEMALE,39310975,GGPS KANDUWAL,0,0,0,0,101,92,107,6,101,6,107,92,-9,-150.00
171,OKARA,DEPALPUR,FAREED KOT -FEMALE,39310700,GMPS MAOUZA JUJJ,49,45,54,5,56,51,62,6,105,11,116,96,-9,-81.82
172,OKARA,DEPALPUR,FAREED KOT -FEMALE,39310711,GGPS SHEEREN MUAFI,16,27,18,2,122,110,139,17,138,19,157,137,-1,-5.26
173,OKARA,DEPALPUR,FAREED KOT -FEMALE,39310535,GGPS DHOLLA MUSTAQEEM,50,45,55,5,50,55,55,5,100,10,110,100,0,0.00
174,OKARA,DEPALPUR,FAREED KOT -FEMALE,39310127,GGES ADDA SAHLOWAL,8,17,9,1,302,295,338,36,310,37,347,312,2,5.41
175,OKARA,DEPALPUR,FAREED KOT -FEMALE,39310714,GGPS TIBI SADA SINGH,13,14,14,1,92,94,99,7,105,8,113,108,3,37.50
176,OKARA,DEPALPUR,FAREED KOT -FEMALE,39310578,GGPS SAHNI WAL,48,56,54,6,115,119,130,15,163,21,184,175,12,57.14
177,OKARA,DEPALPUR,FAREED KOT -FEMALE,39310702,GGPS MATA SINGH,7,12,8,1,28,27,33,5,35,6,41,39,4,66.67
178,OKARA,DEPALPUR,FAREED KOT -FEMALE,39310534,GGPS MALI SINGH,33,43,36,3,111,121,122,11,144,14,158,164,20,142.86
179,OKARA,DEPALPUR,FAREED KOT -FEMALE,39310757,GGCMS FAREED KOT,34,55,37,3,69,86,76,7,103,10,113,141,38,380.00
180,OKARA,DEPALPUR,FARID KOT-MALE,39310478,GPS NEW JANDOWAL,48,43,53,5,55,47,61,6,103,11,114,90,-13,-118.18
181,OKARA,DEPALPUR,FARID KOT-MALE,39310474,GPS RATTA KHANA,101,89,115,14,0,0,0,0,101,14,115,89,-12,-85.71
182,OKARA,DEPALPUR,FARID KOT-MALE,39310451,GES FARID KOT,300,311,317,17,242,231,255,13,542,30,572,542,0,0.00
183,OKARA,DEPALPUR,FARID KOT-MALE,39310301,GPS ADDA SAHLOWAL,89,85,101,12,16,20,18,2,105,14,119,105,0,0.00
184,OKARA,DEPALPUR,FARID KOT-MALE,39310434,GPS DAULA PUKHTA,64,63,69,5,39,42,42,3,103,8,111,105,2,25.00
185,OKARA,DEPALPUR,FARID KOT-MALE,39310365,GPS HAKAM SADHAR KEY,141,141,158,17,0,10,0,0,141,17,158,151,10,58.82
186,OKARA,DEPALPUR,FARID KOT-MALE,39310442,GPS NO.3 DEPAL PUR,142,147,154,12,44,55,48,4,186,16,202,202,16,100.00
187,OKARA,DEPALPUR,FARID KOT-MALE,39310367,GPS PASAIL ,79,87,88,9,53,64,59,6,132,15,147,151,19,126.67
188,OKARA,DEPALPUR,FARID KOT-MALE,39310476,GPS BASTI SADAN SAIN,181,204,192,11,22,31,23,1,203,12,215,235,32,266.67
189,OKARA,DEPALPUR,HAVELI LAKHA - FEMALE,39310653,GGPS MATAN WALA,33,30,37,4,218,221,245,27,251,31,282,251,0,0.00
190,OKARA,DEPALPUR,HAVELI LAKHA - FEMALE,39311075,GGPS BAREET JAHANGIR,51,55,55,4,57,55,61,4,108,8,116,110,2,25.00
191,OKARA,DEPALPUR,HAVELI LAKHA - FEMALE,39310656,GGES 43/SP KHURPA,0,0,0,0,207,219,233,26,207,26,233,219,12,46.15
192,OKARA,DEPALPUR,HAVELI LAKHA - FEMALE,39310715,GGES CHAK NO. 44/SP WALTOYA,0,0,0,0,322,338,355,33,322,33,355,338,16,48.48
193,OKARA,DEPALPUR,HAVELI LAKHA - FEMALE,39310654,GGPS MAHTAY KI MAHTAB RAI,0,0,0,0,125,136,140,15,125,15,140,136,11,73.33
194,OKARA,DEPALPUR,HAVELI LAKHA - FEMALE,39310615,GGPS WARD NO.2 HAVELI,114,141,132,18,136,139,157,21,250,39,289,280,30,76.92
195,OKARA,DEPALPUR,HAVELI LAKHA - FEMALE,39310644,GGPS MAHMOONKAY NAO-ABAD,21,23,24,3,18,21,21,3,39,6,45,44,5,83.33
196,OKARA,DEPALPUR,HAVELI LAKHA - FEMALE,39310159,GGES 2 SP CHANBA,0,0,0,0,260,291,293,33,260,33,293,291,31,93.94
197,OKARA,DEPALPUR,HAVELI LAKHA - FEMALE,39310145,GGES JAHNGIR ABAD,0,0,0,0,172,194,195,23,172,23,195,194,22,95.65
198,OKARA,DEPALPUR,HAVELI LAKHA - MALE,39310368,GPS MATAN WALA,162,160,189,27,0,0,0,0,162,27,189,160,-2,-7.41
199,OKARA,DEPALPUR,HAVELI LAKHA - MALE,39310354,GES HAVELI NO.2,311,306,344,33,11,15,12,1,322,34,356,321,-1,-2.94
200,OKARA,DEPALPUR,HAVELI LAKHA - MALE,39310355,GPS NO 3 HAVELI,364,365,423,59,0,0,0,0,364,59,423,365,1,1.69
201,OKARA,DEPALPUR,HAVELI LAKHA - MALE,39310078,GES NO.5 HAVELI LAKHA,757,731,808,51,3,33,3,0,760,51,811,764,4,7.84
202,OKARA,DEPALPUR,HAVELI LAKHA - MALE,39310871,GPS MATEY KAY MAHTAB RAI,138,143,154,16,0,0,0,0,138,16,154,143,5,31.25
203,OKARA,DEPALPUR,HAVELI LAKHA - MALE,39310470,GPS CHAK 44 SP WALTOHA,170,180,189,19,0,0,0,0,170,19,189,180,10,52.63
204,OKARA,DEPALPUR,HAVELI LAKHA - MALE,39310859,GPS SHAKOOR ABAD BASTI,57,56,63,6,3,12,3,0,60,6,66,68,8,133.33
205,OKARA,DEPALPUR,HEAD SULMAN KEY - FEMALE,39310635,GGES THAKER KA MAKHNA,50,47,53,3,82,77,87,5,132,8,140,124,-8,-100.00
206,OKARA,DEPALPUR,HEAD SULMAN KEY - FEMALE,39310647,GGPS SODI KAY,15,20,17,2,87,75,96,9,102,11,113,95,-7,-63.64
207,OKARA,DEPALPUR,HEAD SULMAN KEY - FEMALE,39310146,GGES NIKI MANEKI,0,0,0,0,205,203,220,15,205,15,220,203,-2,-13.33
208,OKARA,DEPALPUR,HEAD SULMAN KEY - FEMALE,39310679,GGPS MEHTAB GARH,46,50,51,5,50,49,55,5,96,10,106,99,3,30.00
209,OKARA,DEPALPUR,HEAD SULMAN KEY - FEMALE,39310649,GGPS DAULA BARKHAN,45,51,52,7,78,78,90,12,123,19,142,129,6,31.58
210,OKARA,DEPALPUR,HEAD SULMAN KEY - FEMALE,39310523,GGES MAHANAT DARSHAN,51,56,55,4,190,192,206,16,241,20,261,248,7,35.00
211,OKARA,DEPALPUR,HEAD SULMAN KEY - FEMALE,39310152,GGES FARID PUR SUHAG,34,39,37,3,166,169,182,16,200,19,219,208,8,42.11
212,OKARA,DEPALPUR,HEAD SULMAN KEY - FEMALE,39310658,GGPS PATHAN KOT,54,67,60,6,81,80,90,9,135,15,150,147,12,80.00
213,OKARA,DEPALPUR,HEAD SULMAN KEY - FEMALE,39310652,GGPS HARIKEY NAU ABAD,65,67,69,4,49,54,52,3,114,7,121,121,7,100.00
214,OKARA,DEPALPUR,HEAD SULMAN KEY - FEMALE,39310155,GGES BHIDAL OTTAR,71,68,75,4,130,146,137,7,201,11,212,214,13,118.18
215,OKARA,DEPALPUR,HEAD SULMAN KEY - MALE,39310084,GES HEAD SULEMANKI,285,291,305,20,0,0,0,0,285,20,305,291,6,30.00
216,OKARA,DEPALPUR,HEAD SULMAN KEY - MALE,39310089,GES JAWAYA BALOCH,235,247,255,20,0,0,0,0,235,20,255,247,12,60.00
217,OKARA,DEPALPUR,HEAD SULMAN KEY - MALE,39310394,GPS SOJAY KAY,91,94,96,5,61,68,64,3,152,8,160,162,10,125.00
218,OKARA,DEPALPUR,HEAD SULMAN KEY - MALE,39310395,GES NIKI MANEKI,327,357,349,22,0,0,0,0,327,22,349,357,30,136.36
219,OKARA,DEPALPUR,HEAD SULMAN KEY - MALE,39310407,GPS ADLI KAY SOHAG,87,99,94,7,45,54,49,4,132,11,143,153,21,190.91
220,OKARA,DEPALPUR,HUJRA SHAH MUQEEM - FEMALE,39310566,GGES NAI ABADI HUJRA,0,0,0,0,315,318,341,26,315,26,341,318,3,11.54
221,OKARA,DEPALPUR,HUJRA SHAH MUQEEM - FEMALE,39311070,GGPS SARAY AMIR SINGH,9,10,11,2,34,35,40,6,43,8,51,45,2,25.00
222,OKARA,DEPALPUR,HUJRA SHAH MUQEEM - FEMALE,39310550,GMPS JALLU JHUGIAN NO. 1,49,51,52,3,59,59,62,3,108,6,114,110,2,33.33
223,OKARA,DEPALPUR,HUJRA SHAH MUQEEM - FEMALE,39310536,GGPS PIRWONA WAQIA NEHRI KOTHI,47,54,52,5,115,118,128,13,162,18,180,172,10,55.56
224,OKARA,DEPALPUR,HUJRA SHAH MUQEEM - FEMALE,39310537,GGPS KOT MUHAMMAD HUSSAIN (HUJRA),0,0,0,0,161,179,189,28,161,28,189,179,18,64.29
225,OKARA,DEPALPUR,HUJRA SHAH MUQEEM - FEMALE,39311009,GGES ROHILA MAITLA,0,0,0,0,176,186,191,15,176,15,191,186,10,66.67
226,OKARA,DEPALPUR,HUJRA SHAH MUQEEM - FEMALE,39310538,GGPS QILA NAGWAR DAKHLI HUJRA,62,76,72,10,133,142,154,21,195,31,226,218,23,74.19
227,OKARA,DEPALPUR,HUJRA SHAH MUQEEM - FEMALE,39310134,GGES KOT SHAH MUSHTAQ,53,64,58,5,247,259,271,24,300,29,329,323,23,79.31
228,OKARA,DEPALPUR,HUJRA SHAH MUQEEM - FEMALE,39310570,GGPS BUTTIAN,20,34,22,2,92,88,100,8,112,10,122,122,10,100.00
229,OKARA,DEPALPUR,HUJRA SHAH MUQEEM - FEMALE,39311071,GGPS LALAY WALA,46,56,50,4,76,77,83,7,122,11,133,133,11,100.00
230,OKARA,DEPALPUR,HUJRA SHAH MUQEEM - FEMALE,39310759,GGCMS BAHLOL PUR,56,76,61,5,241,250,264,23,297,28,325,326,29,103.57
231,OKARA,DEPALPUR,HUJRA SHAH MUQEEM - MALE,39310244,GPS MALI SINGH,81,79,92,11,26,28,30,4,107,15,122,107,0,0.00
232,OKARA,DEPALPUR,HUJRA SHAH MUQEEM - MALE,39310235,GES SARAY AMIR SINGH,235,226,257,22,103,113,113,10,338,32,370,339,1,3.13
233,OKARA,DEPALPUR,HUJRA SHAH MUQEEM - MALE,39310239,GPS BHALOOL PUR,138,143,160,22,6,5,7,1,144,23,167,148,4,17.39
234,OKARA,DEPALPUR,HUJRA SHAH MUQEEM - MALE,39310229,GPS PIR VONA ,260,267,298,38,0,0,0,0,260,38,298,267,7,18.42
235,OKARA,DEPALPUR,HUJRA SHAH MUQEEM - MALE,39310228,GPS MADINA MOSQUE HUJRA,209,219,256,47,1,1,1,0,210,47,257,220,10,21.28
236,OKARA,DEPALPUR,HUJRA SHAH MUQEEM - MALE,39310238,GPS ADHO PARI,48,47,52,4,59,62,64,5,107,9,116,109,2,22.22
237,OKARA,DEPALPUR,HUJRA SHAH MUQEEM - MALE,39310069,GPS NO. 1 HUJRA,644,676,752,108,0,0,0,0,644,108,752,676,32,29.63
238,OKARA,DEPALPUR,HUJRA SHAH MUQEEM - MALE,39310230,GPS KOT MUHAMMAD HUSSAIN (HUJRA),224,233,262,38,2,8,2,0,226,38,264,241,15,39.47
239,OKARA,DEPALPUR,HUJRA SHAH MUQEEM - MALE,39310258,GES LALEY WALA,148,158,157,9,57,53,61,4,205,13,218,211,6,46.15
240,OKARA,DEPALPUR,JAITH PUR - FEMALE,39311037,GMPS MAHLA BUKKAN,72,67,76,4,111,74,117,6,183,10,193,141,-42,-420.00
241,OKARA,DEPALPUR,JAITH PUR - FEMALE,39310573,GGES QADIR ABAD,0,0,0,0,301,301,321,20,301,20,321,301,0,0.00
242,OKARA,DEPALPUR,JAITH PUR - FEMALE,39310543,GGPS MAHROOK KALAN,6,3,7,1,191,194,211,20,197,21,218,197,0,0.00
243,OKARA,DEPALPUR,JAITH PUR - FEMALE,39310483,GGPS VIROOWAL,37,39,41,4,44,43,49,5,81,9,90,82,1,11.11
244,OKARA,DEPALPUR,JAITH PUR - FEMALE,39310593,GGPS PIR HAYAT,13,20,15,2,94,90,105,11,107,13,120,110,3,23.08
245,OKARA,DEPALPUR,JAITH PUR - FEMALE,39311050,GGES AMLI KAY ATHER SHAH,13,21,14,1,38,32,42,4,51,5,56,53,2,40.00
246,OKARA,DEPALPUR,JAITH PUR - FEMALE,39310559,GGPS BUKKAN,0,0,0,0,282,300,319,37,282,37,319,300,18,48.65
247,OKARA,DEPALPUR,JAITH PUR - FEMALE,39310571,GGPS KANDO WAL WANAIK,0,0,0,0,110,121,126,16,110,16,126,121,11,68.75
248,OKARA,DEPALPUR,JAITH PUR - FEMALE,39310542,GGES BHATTI NAGAR,0,0,0,0,227,262,257,30,227,30,257,262,35,116.67
249,OKARA,DEPALPUR,JAITH PUR - FEMALE,39310135,GGES HANIF NAGAR,27,43,29,2,123,133,132,9,150,11,161,176,26,236.36
250,OKARA,DEPALPUR,JAITH PUR - MALE,39310198,GPS QILA SADA SINGH,89,89,103,14,75,75,87,12,164,26,190,164,0,0.00
251,OKARA,DEPALPUR,JAITH PUR - MALE,39310243,GES MAHROOK KALAN,104,107,116,12,0,0,0,0,104,12,116,107,3,25.00
252,OKARA,DEPALPUR,JAITH PUR - MALE,39310237,GPS JASSO KAY GURDITTA,231,239,259,28,0,0,0,0,231,28,259,239,8,28.57
253,OKARA,DEPALPUR,JAITH PUR - MALE,39310187,GES KALASSAN PARAMAL,127,136,141,14,64,73,71,7,191,21,212,209,18,85.71
254,OKARA,DEPALPUR,JAITH PUR - MALE,39310277,GPS DARGAN,72,77,77,5,81,86,86,5,153,10,163,163,10,100.00
255,OKARA,DEPALPUR,JAITH PUR - MALE,39310280,GPS QUTAB PURA,61,63,66,5,63,71,68,5,124,10,134,134,10,100.00
256,OKARA,DEPALPUR,JAN PURA   -FEMALE,39310597,GGPS JAN PURA,27,20,30,3,36,29,41,5,63,8,71,49,-14,-175.00
257,OKARA,DEPALPUR,JAN PURA   -FEMALE,39310568,GGES JHUJH KHURD,0,0,0,0,132,132,142,10,132,10,142,132,0,0.00
258,OKARA,DEPALPUR,JAN PURA   -FEMALE,39310545,GGPS CHISHTI SHAM DIN,20,24,23,3,82,78,96,14,102,17,119,102,0,0.00
259,OKARA,DEPALPUR,JAN PURA   -FEMALE,39310520,GGES KHAJOOR WALA,33,37,37,4,87,85,99,12,120,16,136,122,2,12.50
260,OKARA,DEPALPUR,JAN PURA   -FEMALE,39311010,GGES WAJHLANA,0,0,0,0,117,119,130,13,117,13,130,119,2,15.38
261,OKARA,DEPALPUR,JAN PURA   -FEMALE,39310586,GMPS JANDRAN KHURD,42,40,44,2,78,82,82,4,120,6,126,122,2,33.33
262,OKARA,DEPALPUR,JAN PURA   -FEMALE,39310125,GGES DHULIANA,0,0,0,0,274,302,302,28,274,28,302,302,28,100.00
263,OKARA,DEPALPUR,JAN PURA   -FEMALE,39310136,GGES JHUJ KALAN,44,41,47,3,62,73,67,5,106,8,114,114,8,100.00
264,OKARA,DEPALPUR,JAN PURA   -FEMALE,39310982,GGPS JANDARAN KALAN,16,20,18,2,47,51,53,6,63,8,71,71,8,100.00
265,OKARA,DEPALPUR,JAN PURA   -FEMALE,39310971,GGES RAM PRASHAD,0,0,0,0,123,143,141,18,123,18,141,143,20,111.11
266,OKARA,DEPALPUR,JAN PURA   -FEMALE,39310138,GGES KHARAL KALAN,0,0,0,0,192,204,201,9,192,9,201,204,12,133.33
267,OKARA,DEPALPUR,JAN PURA   -FEMALE,39310598,GMPS FATIANA,74,76,81,7,81,99,89,8,155,15,170,175,20,133.33
268,OKARA,DEPALPUR,JAN PURA-MALE,39310807,GMMS KALIA IBRAHIM,63,36,67,4,38,16,40,2,101,6,107,52,-49,-816.67
269,OKARA,DEPALPUR,JAN PURA-MALE,39310782,GPS CHAK NO. 22/D,49,37,52,3,53,58,57,4,102,7,109,95,-7,-100.00
270,OKARA,DEPALPUR,JAN PURA-MALE,39310270,GPS BATTIAN RAJOWAL,132,132,141,9,116,109,124,8,248,17,265,241,-7,-41.18
271,OKARA,DEPALPUR,JAN PURA-MALE,39310305,GPS JHUGIAN REHMOON,128,122,141,13,140,143,154,14,268,27,295,265,-3,-11.11
272,OKARA,DEPALPUR,JAN PURA-MALE,39310294,GPS CHISHTI SHAM DIN,112,113,122,10,12,14,13,1,124,11,135,127,3,27.27
273,OKARA,DEPALPUR,JAN PURA-MALE,39311021,GPS CHAK NO. 25/D,125,131,141,16,0,0,0,0,125,16,141,131,6,37.50
274,OKARA,DEPALPUR,JAN PURA-MALE,39310284,GPS CHAK 24-D,227,238,239,12,0,0,0,0,227,12,239,238,11,91.67
275,OKARA,DEPALPUR,JAN PURA-MALE,39310293,GPS JAN PURA,81,112,86,5,105,121,111,6,186,11,197,233,47,427.27
276,OKARA,DEPALPUR,MANDI AHMAD ABAD - FEMALE,39310518,GGPS BONGA SAHBA,54,62,58,4,193,188,208,15,247,19,266,250,3,15.79
277,OKARA,DEPALPUR,MANDI AHMAD ABAD - FEMALE,39310494,GGPS HAJI CHAND STATION,0,0,0,0,193,196,212,19,193,19,212,196,3,15.79
278,OKARA,DEPALPUR,MANDI AHMAD ABAD - FEMALE,39310506,GMPS PHULLAR WAN CHRAGH,59,57,64,5,64,68,69,5,123,10,133,126,3,30.00
279,OKARA,DEPALPUR,MANDI AHMAD ABAD - FEMALE,39310515,GGES BONGA KHAN SINGH,0,0,0,0,201,209,221,20,201,20,221,209,8,40.00
280,OKARA,DEPALPUR,MANDI AHMAD ABAD - FEMALE,39310502,GGPS DOGRAY,3,9,3,0,309,317,341,32,312,32,344,327,15,46.88
281,OKARA,DEPALPUR,MANDI AHMAD ABAD - FEMALE,39310488,GGES TIBBA TUGHRAIL,97,105,101,4,303,303,316,13,400,17,417,408,8,47.06
282,OKARA,DEPALPUR,MANDI AHMAD ABAD - FEMALE,39310484,GGPS MANDI AHMED ABAD,37,40,42,5,186,200,213,27,223,32,255,240,17,53.13
283,OKARA,DEPALPUR,MANDI AHMAD ABAD - FEMALE,39310505,GGES JHANG ABDULLAH SHAH,67,73,73,6,133,138,145,12,200,18,218,211,11,61.11
284,OKARA,DEPALPUR,MANDI AHMAD ABAD - FEMALE,39310493,GGES HAJI CHAND VILLAGE,0,1,0,0,283,301,313,30,283,30,313,304,21,70.00
285,OKARA,DEPALPUR,MANDI AHMAD ABAD - FEMALE,39310117,GGES BHEELA GULAB SINGH,11,15,12,1,104,110,116,12,115,13,128,125,10,76.92
286,OKARA,DEPALPUR,MANDI AHMAD ABAD - FEMALE,39310121,GGES MOJOO KI,3,4,3,0,192,200,200,8,195,8,203,204,9,112.50
287,OKARA,DEPALPUR,MANDI AHMAD ABAD - MALE,39310214,GPS MOJO KAY,92,86,103,11,8,10,9,1,100,12,112,96,-4,-33.33
288,OKARA,DEPALPUR,MANDI AHMAD ABAD - MALE,39310211,GPS KOTHI NAHAR AHAMD ABAD,218,217,241,23,1,1,1,0,219,23,242,218,-1,-4.35
289,OKARA,DEPALPUR,MANDI AHMAD ABAD - MALE,39310182,GPS ISLAMIA AHMED ABAD,175,175,204,29,0,0,0,0,175,29,204,175,0,0.00
290,OKARA,DEPALPUR,MANDI AHMAD ABAD - MALE,39310768,GPS ADP STATION HAJI CHAND,109,110,121,12,0,0,0,0,109,12,121,110,1,8.33
291,OKARA,DEPALPUR,MANDI AHMAD ABAD - MALE,39310055,GES TIBBA TUGHRAIL,635,647,697,62,0,0,0,0,635,62,697,647,12,19.35
292,OKARA,DEPALPUR,MANDI AHMAD ABAD - MALE,39310215,GPS LAKHU MALKANA,89,91,100,11,61,63,69,8,150,19,169,154,4,21.05
293,OKARA,DEPALPUR,MANDI AHMAD ABAD - MALE,39310213,GPS JALAN WALI,87,86,93,6,23,26,25,2,110,8,118,112,2,25.00
294,OKARA,DEPALPUR,MANDI AHMAD ABAD - MALE,39310763,GPS NAI ABADI TUGHRAIL,138,145,145,7,68,64,71,3,206,10,216,209,3,30.00
295,OKARA,DEPALPUR,MANDI AHMAD ABAD - MALE,39310181,GES MANDI AHMAD ABAD,681,721,736,55,0,0,0,0,681,55,736,721,40,72.73
296,OKARA,DEPALPUR,MANDI AHMAD ABAD - MALE,39310191,GPS BUNGA KHAN SINGH,221,246,246,25,0,0,0,0,221,25,246,246,25,100.00
297,OKARA,DEPALPUR,MANDI AHMAD ABAD - MALE,39310212,GES HAJI CHAND,275,304,302,27,0,0,0,0,275,27,302,304,29,107.41
298,OKARA,DEPALPUR,PIPLI PAHAR - FEMALE,39310964,GGPS DAYARAM KHURD,47,50,50,3,59,56,63,4,106,7,113,106,0,0.00
299,OKARA,DEPALPUR,PIPLI PAHAR - FEMALE,39310707,GGPS DIARAM KALAN,32,32,35,3,44,45,48,4,76,7,83,77,1,14.29
300,OKARA,DEPALPUR,PIPLI PAHAR - FEMALE,39310708,GGPS NAHRAN WALA,0,2,0,0,178,179,196,18,178,18,196,181,3,16.67
301,OKARA,DEPALPUR,PIPLI PAHAR - FEMALE,39310721,GGPS CHAK NO. 55/D,0,2,0,0,138,140,161,23,138,23,161,142,4,17.39
302,OKARA,DEPALPUR,PIPLI PAHAR - FEMALE,39310169,GGES DEPALPUR NO 3,0,0,0,0,488,500,540,52,488,52,540,500,12,23.08
303,OKARA,DEPALPUR,PIPLI PAHAR - FEMALE,39310727,GGPS CHAK NO.47 D,40,46,43,3,147,145,159,12,187,15,202,191,4,26.67
304,OKARA,DEPALPUR,PIPLI PAHAR - FEMALE,39310726,GGPS 47 D JEEWAN WALA,48,49,53,5,57,59,63,6,105,11,116,108,3,27.27
305,OKARA,DEPALPUR,PIPLI PAHAR - FEMALE,39310521,GGCMS QILA TARA SINGH,0,0,0,0,305,321,339,34,305,34,339,321,16,47.06
306,OKARA,DEPALPUR,PIPLI PAHAR - FEMALE,39310758,GGCMES MIRZA PUR,53,59,57,4,164,166,175,11,217,15,232,225,8,53.33
307,OKARA,DEPALPUR,PIPLI PAHAR - FEMALE,39310725,GMPS CHAK NO. 56/AD,122,136,134,12,137,137,151,14,259,26,285,273,14,53.85
308,OKARA,DEPALPUR,PIPLI PAHAR - FEMALE,39310699,GMPS CHAK NO.48 D,76,91,83,7,222,224,242,20,298,27,325,315,17,62.96
309,OKARA,DEPALPUR,PIPLI PAHAR - MALE,39310414,GPS CHAK NO.47-D,101,100,115,14,0,0,0,0,101,14,115,100,-1,-7.14
310,OKARA,DEPALPUR,PIPLI PAHAR - MALE,39310298,GPS CHAK NO. 37/D,166,162,192,26,0,4,0,0,166,26,192,166,0,0.00
311,OKARA,DEPALPUR,PIPLI PAHAR - MALE,39310900,GPS KOT BHATTIAN,63,67,69,6,43,39,47,4,106,10,116,106,0,0.00
312,OKARA,DEPALPUR,PIPLI PAHAR - MALE,39310409,GPS NO.4 DEPALPUR,253,253,294,41,0,0,0,0,253,41,294,253,0,0.00
313,OKARA,DEPALPUR,PIPLI PAHAR - MALE,39310448,GPS SOBHA RAAM,203,204,239,36,0,0,0,0,203,36,239,204,1,2.78
314,OKARA,DEPALPUR,PIPLI PAHAR - MALE,39310419,GPS PIPLI PAHAR,102,103,112,10,0,0,0,0,102,10,112,103,1,10.00
315,OKARA,DEPALPUR,PIPLI PAHAR - MALE,39310433,GPS DIYA RAAM,75,75,86,11,35,39,40,5,110,16,126,114,4,25.00
316,OKARA,DEPALPUR,PIPLI PAHAR - MALE,39310446,GPS CHAK NO.39 D,214,238,239,25,0,0,0,0,214,25,239,239,25,100.00
317,OKARA,DEPALPUR,QADIR ABAD-MALE,39310276,GPS PIR HAYAT,96,91,111,15,4,9,5,1,100,16,116,100,0,0.00
318,OKARA,DEPALPUR,QADIR ABAD-MALE,39310197,GPS JUGIAN HAMOON,115,124,129,14,92,86,103,11,207,25,232,210,3,12.00
319,OKARA,DEPALPUR,QADIR ABAD-MALE,39310252,GES QADIR ABAD,323,329,351,28,0,0,0,0,323,28,351,329,6,21.43
320,OKARA,DEPALPUR,QADIR ABAD-MALE,39310295,GPS RAM PERSHAD ,104,107,117,13,7,10,8,1,111,14,125,117,6,42.86
321,OKARA,DEPALPUR,QADIR ABAD-MALE,39310282,GES DAHAR,128,148,148,20,91,105,105,14,219,34,253,253,34,100.00
322,OKARA,DEPALPUR,ROHILA MATELA-MALE,39310264,GPS JHUGH KHURD,123,126,139,16,0,0,0,0,123,16,139,126,3,18.75
323,OKARA,DEPALPUR,ROHILA MATELA-MALE,39310275,GPS KHARAL KALAN,132,141,153,21,0,0,0,0,132,21,153,141,9,42.86
324,OKARA,DEPALPUR,ROHILA MATELA-MALE,39310219,GPS HASSOKAY NAOABAD,48,44,54,6,11,19,12,1,59,7,66,63,4,57.14
325,OKARA,DEPALPUR,ROHILA MATELA-MALE,39310289,GES ROHAILA MAITLA,240,251,259,19,0,0,0,0,240,19,259,251,11,57.89
326,OKARA,DEPALPUR,SAHBAY WALA - FEMALE,39310607,GGPS SAHIBA WALA NO. 1,23,21,25,2,52,52,56,4,75,6,81,73,-2,-33.33
327,OKARA,DEPALPUR,SAHBAY WALA - FEMALE,39310173,GGES SOORA SINGH,0,0,0,0,160,163,180,20,160,20,180,163,3,15.00
328,OKARA,DEPALPUR,SAHBAY WALA - FEMALE,39310718,GGPS ADDA PUR,32,28,36,4,19,24,21,2,51,6,57,52,1,16.67
329,OKARA,DEPALPUR,SAHBAY WALA - FEMALE,39310729,GGES GUNGO WAL,0,0,0,0,142,146,156,14,142,14,156,146,4,28.57
330,OKARA,DEPALPUR,SAHBAY WALA - FEMALE,39310626,GGPS CHANDOOR VIA BASEER PUR,29,33,32,3,32,30,36,4,61,7,68,63,2,28.57
331,OKARA,DEPALPUR,SAHBAY WALA - FEMALE,39310603,GGPS CHAK MOODA,0,0,0,0,189,199,212,23,189,23,212,199,10,43.48
332,OKARA,DEPALPUR,SAHBAY WALA - FEMALE,39310164,GGES BAKHOO SHAH,0,14,0,0,228,222,245,17,228,17,245,236,8,47.06
333,OKARA,DEPALPUR,SAHBAY WALA - FEMALE,39310608,GGPS DEEP SINGH,70,74,78,8,76,80,85,9,146,17,163,154,8,47.06
334,OKARA,DEPALPUR,SAHBAY WALA - FEMALE,39311014,GGES THATHA RANGRAN WALA,52,56,56,4,65,66,71,6,117,10,127,122,5,50.00
335,OKARA,DEPALPUR,SAHBAY WALA - FEMALE,39311005,GGES CHAK MIAN MUHAMMAD SIDDIQUE,56,58,60,4,59,64,64,5,115,9,124,122,7,77.78
336,OKARA,DEPALPUR,SAHBAY WALA - FEMALE,39310845,GMPS JAMAL KEY,74,78,79,5,60,63,64,4,134,9,143,141,7,77.78
337,OKARA,DEPALPUR,SAHBAY WALA - MALE,39310330,GPS TURBAT SHAH HUSSAIN,47,47,51,4,58,56,63,5,105,9,114,103,-2,-22.22
338,OKARA,DEPALPUR,SAHBAY WALA - MALE,39310316,GPS SAHIBA WALA,70,67,75,5,60,64,64,4,130,9,139,131,1,11.11
339,OKARA,DEPALPUR,SAHBAY WALA - MALE,39310080,GES DOULA MEHAR CHAND,231,250,255,24,0,0,0,0,231,24,255,250,19,79.17
340,OKARA,DEPALPUR,SAHBAY WALA - MALE,39310344,GES JALAL KOT,78,83,83,5,22,23,23,1,100,6,106,106,6,100.00
341,OKARA,DEPALPUR,SAHBAY WALA - MALE,39310072,GES MOODA,203,216,216,13,0,0,0,0,203,13,216,216,13,100.00
342,OKARA,DEPALPUR,SAHBAY WALA - MALE,39310335,GPS CHAK UTTAM SINGH,69,76,74,5,57,59,61,4,126,9,135,135,9,100.00
343,OKARA,DEPALPUR,SAHBAY WALA - MALE,39310844,GPS JUGIAN AZAM,59,63,63,4,47,50,50,3,106,7,113,113,7,100.00
344,OKARA,DEPALPUR,SAHBAY WALA - MALE,39310328,GPS MARRAH,68,75,77,9,78,91,89,11,146,20,166,166,20,100.00
345,OKARA,DEPALPUR,SAHBAY WALA - MALE,39311079,GPS KOT BEDI (PAKKAY NARAIN),47,55,50,3,55,55,58,3,102,6,108,110,8,133.33
346,OKARA,DEPALPUR,SAHBAY WALA - MALE,39310609,GPS MAHBOOB SHAH,85,93,93,8,58,68,63,5,143,13,156,161,18,138.46
347,OKARA,DEPALPUR,SECONDARY-WING,39310014,GHS NEHRANWALA,444,439,490,46,0,0,0,0,444,46,490,439,-5,-10.87
348,OKARA,DEPALPUR,SECONDARY-WING,39310993,GHS NO. 1 BASIR PUR MAIN ROAD,1168,1174,1634,466,1,2,1,0,1169,466,1635,1178,9,1.93
349,OKARA,DEPALPUR,SECONDARY-WING,39310176,GGHS DHARMA WALA,1,8,1,0,631,626,708,77,632,77,709,634,2,2.60
350,OKARA,DEPALPUR,SECONDARY-WING,39310093,GHS JHUGHIAN MAROOK,217,206,242,25,39,51,43,4,256,29,285,257,1,3.45
351,OKARA,DEPALPUR,SECONDARY-WING,39310162,GGHS DEPALPUR NO 4,0,0,0,0,518,522,590,72,518,72,590,522,4,5.56
352,OKARA,DEPALPUR,SECONDARY-WING,39310009,GHS DEPALPUR,1046,1068,1315,269,0,1,0,0,1046,269,1315,1069,23,8.55
353,OKARA,DEPALPUR,SECONDARY-WING,39310045,GGHS KOT SHOUKAT SULTAN,1,1,1,0,1035,1042,1114,79,1036,79,1115,1043,7,8.86
354,OKARA,DEPALPUR,SECONDARY-WING,39310047,GGHS MAIN DARS ROAD BASIR PUR,2,3,2,0,2605,2647,3075,470,2607,470,3077,2650,43,9.15
355,OKARA,DEPALPUR,SECONDARY-WING,39310017,GHS CHIPLI PUR,538,546,611,73,0,0,0,0,538,73,611,546,8,10.96
356,OKARA,DEPALPUR,SECONDARY-WING,39310049,GGHS CHAK NO. 1/SP WASAWAY WALA,0,0,0,0,601,605,637,36,601,36,637,605,4,11.11
357,OKARA,DEPALPUR,SECONDARY-WING,39310058,GHS NAI ABADI HUJRA SHAH MUQEEM,267,274,320,53,0,0,0,0,267,53,320,274,7,13.21
358,OKARA,DEPALPUR,SECONDARY-WING,39310524,GGHS JAITH PUR,2,8,2,0,371,371,416,45,373,45,418,379,6,13.33
359,OKARA,DEPALPUR,SECONDARY-WING,39310104,GHS CHAK NO. 55/BD ,341,343,355,14,0,0,0,0,341,14,355,343,2,14.29
360,OKARA,DEPALPUR,SECONDARY-WING,39310010,GHS DEPALPUR TOWN,401,412,477,76,0,0,0,0,401,76,477,412,11,14.47
361,OKARA,DEPALPUR,SECONDARY-WING,39310019,GHS MIRZA PUR,111,105,129,18,0,9,0,0,111,18,129,114,3,16.67
362,OKARA,DEPALPUR,SECONDARY-WING,39310175,GGHS 38 D KALAN,0,0,0,0,527,536,580,53,527,53,580,536,9,16.98
363,OKARA,DEPALPUR,SECONDARY-WING,39310172,GGHS JAMO WACHAL,3,4,3,0,470,479,520,50,473,50,523,483,10,20.00
364,OKARA,DEPALPUR,SECONDARY-WING,39310004,GHS 43/SP,293,299,328,35,0,0,0,0,293,35,328,300,7,20.00
365,OKARA,DEPALPUR,SECONDARY-WING,39310016,GHS AMLI MOTI,316,324,355,39,0,0,0,0,316,39,355,324,8,20.51
366,OKARA,DEPALPUR,SECONDARY-WING,39310011,GHS HAVELI NO.1 RAILWAY ROAD HAVELI LAKHA,1301,1374,1638,337,0,0,0,0,1301,337,1638,1374,73,21.66
367,OKARA,DEPALPUR,SECONDARY-WING,39310124,GGHS GADDY WAL,0,0,0,0,756,771,822,66,756,66,822,771,15,22.73
368,OKARA,DEPALPUR,SECONDARY-WING,39310163,GGHS PIPLI PAHAR,0,0,0,0,550,567,623,73,550,73,623,567,17,23.29
369,OKARA,DEPALPUR,SECONDARY-WING,39310220,GHS RASOOL PUR,421,429,453,32,0,0,0,0,421,32,453,429,8,25.00
370,OKARA,DEPALPUR,SECONDARY-WING,39310066,GHS 20/D,182,188,205,23,0,0,0,0,182,23,205,188,6,26.09
371,OKARA,DEPALPUR,SECONDARY-WING,39310417,GHS CHAK NO.50-D,307,311,322,15,0,0,0,0,307,15,322,311,4,26.67
372,OKARA,DEPALPUR,SECONDARY-WING,39310030,GHS WASAWEY WALA,311,321,348,37,1,1,1,0,312,37,349,322,10,27.03
373,OKARA,DEPALPUR,SECONDARY-WING,39310051,GGHS DEPALPUR,3,4,4,1,2021,2151,2465,444,2024,445,2469,2156,132,29.66
374,OKARA,DEPALPUR,SECONDARY-WING,39310044,GGHSS SHER GARRH,35,52,36,1,856,848,884,28,891,29,920,901,10,34.48
375,OKARA,DEPALPUR,SECONDARY-WING,39310076,GHS CHAURASTA MIAN KHAN,1076,1104,1156,80,0,0,0,0,1076,80,1156,1104,28,35.00
376,OKARA,DEPALPUR,SECONDARY-WING,39310048,GGHS NO. 1 HAVELI LAKHA MUNAWAR SHAHEED ROAD,1,9,1,0,1739,1875,2139,400,1740,400,2140,1884,144,36.00
377,OKARA,DEPALPUR,SECONDARY-WING,39310043,GGHS HUJRA SHAH MUQEEM,2,5,2,0,1453,1561,1752,299,1455,299,1754,1566,111,37.12
378,OKARA,DEPALPUR,SECONDARY-WING,39310095,GHS CHAK 42/D KALAN,438,447,461,23,0,0,0,0,438,23,461,447,9,39.13
379,OKARA,DEPALPUR,SECONDARY-WING,39310018,GHS KANDUWAL SARAY,311,325,346,35,0,0,0,0,311,35,346,325,14,40.00
380,OKARA,DEPALPUR,SECONDARY-WING,39310098,GHS MAZHAR ABAD,225,229,244,19,75,81,81,6,300,25,325,310,10,40.00
381,OKARA,DEPALPUR,SECONDARY-WING,39310053,GGHS SOBHA RAM,0,0,0,0,656,673,698,42,656,42,698,673,17,40.48
382,OKARA,DEPALPUR,SECONDARY-WING,39310025,GHS BHUTTA MOHABAT,303,309,328,25,56,63,61,5,359,30,389,372,13,43.33
383,OKARA,DEPALPUR,SECONDARY-WING,39311052,GHS BASIR PUR TOWN,1186,1223,1268,82,0,0,0,0,1186,82,1268,1223,37,45.12
384,OKARA,DEPALPUR,SECONDARY-WING,39310150,GGHS HAKOOMAT GARH,33,37,35,2,435,442,457,22,468,24,492,479,11,45.83
385,OKARA,DEPALPUR,SECONDARY-WING,39310105,GHS QILA TARA SINGH,451,463,477,26,0,0,0,0,451,26,477,463,12,46.15
386,OKARA,DEPALPUR,SECONDARY-WING,39310029,SHAHEED IRFAN MEHMOOD GOVT. H/S BHELA GULAB SINGH,443,443,474,31,71,88,76,5,514,36,550,531,17,47.22
387,OKARA,DEPALPUR,SECONDARY-WING,39310020,GHS DHARMAY WALA,504,532,561,57,0,0,0,0,504,57,561,532,28,49.12
388,OKARA,DEPALPUR,SECONDARY-WING,39310046,GGHS RAJOWAL,109,117,114,5,328,330,343,15,437,20,457,447,10,50.00
389,OKARA,DEPALPUR,SECONDARY-WING,39310082,GHS LADHEY WAL,402,421,440,38,0,0,0,0,402,38,440,421,19,50.00
390,OKARA,DEPALPUR,SECONDARY-WING,39310036,GHS JAITH PUR,403,421,438,35,0,0,0,0,403,35,438,421,18,51.43
391,OKARA,DEPALPUR,SECONDARY-WING,39310027,GHSS MANDI AHAMD ABAD,645,680,711,66,0,0,0,0,645,66,711,680,35,53.03
392,OKARA,DEPALPUR,SECONDARY-WING,39310034,GHS 52/D JAHANGIR ABAD,316,324,331,15,0,0,0,0,316,15,331,324,8,53.33
393,OKARA,DEPALPUR,SECONDARY-WING,39310022,GHS HUJRA SHAH MUQEEM,1265,1417,1548,283,2,2,2,0,1267,283,1550,1419,152,53.71
394,OKARA,DEPALPUR,SECONDARY-WING,39310324,GHS BUNGA SALEH,187,181,194,7,1,11,1,0,188,7,195,192,4,57.14
395,OKARA,DEPALPUR,SECONDARY-WING,39310978,GGHS CHAK NO. 40/D DEPALPUR,0,0,0,0,611,642,663,52,611,52,663,642,31,59.62
396,OKARA,DEPALPUR,SECONDARY-WING,39310013,GHS MANCHRIAN,522,542,555,33,0,0,0,0,522,33,555,542,20,60.61
397,OKARA,DEPALPUR,SECONDARY-WING,39310023,GHSS SHER GARH,449,457,462,13,0,0,0,0,449,13,462,457,8,61.54
398,OKARA,DEPALPUR,SECONDARY-WING,39310100,GHS JAMO WACHAL,335,345,351,16,0,0,0,0,335,16,351,345,10,62.50
399,OKARA,DEPALPUR,SECONDARY-WING,39311001,GHS RATTAKEY,302,309,313,11,0,0,0,0,302,11,313,309,7,63.64
400,OKARA,DEPALPUR,SECONDARY-WING,39310101,GHS AWAN KALAN,286,296,298,12,18,17,19,1,304,13,317,313,9,69.23
401,OKARA,DEPALPUR,SECONDARY-WING,39310015,GHS DELMAN GUNJ OKARA,435,459,469,34,0,0,0,0,435,34,469,459,24,70.59
402,OKARA,DEPALPUR,SECONDARY-WING,39310099,GHS CHAK 38-D KALAN,633,672,689,56,1,2,1,0,634,56,690,674,40,71.43
403,OKARA,DEPALPUR,SECONDARY-WING,39310094,GHS CHAK 43-D KALAN,307,322,328,21,1,1,1,0,308,21,329,323,15,71.43
404,OKARA,DEPALPUR,SECONDARY-WING,39310062,GHS QILA DEWAN SINGH,197,192,209,12,41,56,43,2,238,14,252,248,10,71.43
405,OKARA,DEPALPUR,SECONDARY-WING,39310115,GGHS SODHIWAL,0,0,0,0,645,678,688,43,645,43,688,678,33,76.74
406,OKARA,DEPALPUR,SECONDARY-WING,39310006,GHS JANDRAN KALAN,175,185,188,13,0,0,0,0,175,13,188,185,10,76.92
407,OKARA,DEPALPUR,SECONDARY-WING,39310995,GHS RUKAN PURA,417,437,443,26,0,0,0,0,417,26,443,437,20,76.92
408,OKARA,DEPALPUR,SECONDARY-WING,39310630,GGHS KOT SHER KHAN,2,2,2,0,454,468,472,18,456,18,474,470,14,77.78
409,OKARA,DEPALPUR,SECONDARY-WING,39310148,GGHS MANDI HAVELI,0,0,0,0,722,763,774,52,722,52,774,763,41,78.85
410,OKARA,DEPALPUR,SECONDARY-WING,39310050,GGHS HEAD SULEMANKI,1,1,1,0,598,637,646,48,599,48,647,638,39,81.25
411,OKARA,DEPALPUR,SECONDARY-WING,39310054,GGHS MANCHARIAN,1,0,1,0,940,987,995,55,941,55,996,987,46,83.64
412,OKARA,DEPALPUR,SECONDARY-WING,39310057,GHS KALAIR KALAN ,322,353,346,24,18,8,19,1,340,25,365,361,21,84.00
413,OKARA,DEPALPUR,SECONDARY-WING,39310060,GHS BHOKAN,476,492,495,19,0,0,0,0,476,19,495,492,16,84.21
414,OKARA,DEPALPUR,SECONDARY-WING,39310097,GHS DEVA SINGH,327,342,344,17,0,0,0,0,327,17,344,342,15,88.24
415,OKARA,DEPALPUR,SECONDARY-WING,39310024,GHS RAJOWAL,213,240,239,26,46,48,52,6,259,32,291,288,29,90.63
416,OKARA,DEPALPUR,SECONDARY-WING,39310552,GGHS SHAH PUR ,0,0,0,0,345,375,376,31,345,31,376,375,30,96.77
417,OKARA,DEPALPUR,SECONDARY-WING,39310120,GGHS AWAN KALAN,6,9,6,0,302,323,326,24,308,24,332,332,24,100.00
418,OKARA,DEPALPUR,SECONDARY-WING,39310131,GGHS BHUTTA MOHABBAT,6,7,6,0,143,149,150,7,149,7,156,156,7,100.00
419,OKARA,DEPALPUR,SECONDARY-WING,39310492,GGHS BONGI RAM SINGH,18,24,20,2,33,33,37,4,51,6,57,57,6,100.00
420,OKARA,DEPALPUR,SECONDARY-WING,39310042,GGHS JAMAL KOT,0,0,0,0,151,161,161,10,151,10,161,161,10,100.00
421,OKARA,DEPALPUR,SECONDARY-WING,39310052,GGHS NO. 2 HAVELI LAKHA RAILWAY ROAD,0,0,0,0,1648,1842,1842,194,1648,194,1842,1842,194,100.00
422,OKARA,DEPALPUR,SECONDARY-WING,39310114,GGHS RASOOL PUR,0,0,0,0,415,453,453,38,415,38,453,453,38,100.00
423,OKARA,DEPALPUR,SECONDARY-WING,39310061,GHS 19/D,249,257,256,7,2,1,2,0,251,7,258,258,7,100.00
424,OKARA,DEPALPUR,SECONDARY-WING,39310021,GHS BHUMAN SHAH,388,410,410,22,0,0,0,0,388,22,410,410,22,100.00
425,OKARA,DEPALPUR,SECONDARY-WING,39310026,GHS DHULIANA,409,430,430,21,0,0,0,0,409,21,430,430,21,100.00
426,OKARA,DEPALPUR,SECONDARY-WING,39311003,GHS MALHOO SHEIKHU KA,308,319,319,11,0,0,0,0,308,11,319,319,11,100.00
427,OKARA,DEPALPUR,SECONDARY-WING,39310032,GHS ROHELA TAJEKA,474,498,498,24,1,1,1,0,475,24,499,499,24,100.00
428,OKARA,DEPALPUR,SECONDARY-WING,39310031,GHS CHAK NO. 3/SP OKARA,320,338,337,17,0,0,0,0,320,17,337,338,18,105.88
429,OKARA,DEPALPUR,SECONDARY-WING,39310005,GHS KOT SHAUKAT SULTAN,848,906,901,53,0,0,0,0,848,53,901,906,58,109.43
430,OKARA,DEPALPUR,SECONDARY-WING,39310035,GHS CHAK NO. 40-D  DEPAL PUR,460,491,489,29,0,1,0,0,460,29,489,492,32,110.34
431,OKARA,DEPALPUR,SECONDARY-WING,39310167,GGHS CHAK SHAH MUHAMMAD,17,28,17,0,288,285,295,7,305,7,312,313,8,114.29
432,OKARA,DEPALPUR,SECONDARY-WING,39310130,GGHS SONDHA SINGH,0,0,0,0,233,240,240,7,233,7,240,241,8,114.29
433,OKARA,DEPALPUR,SECONDARY-WING,39310073,GHS SHAHAMAD,233,241,240,7,1,1,1,0,234,7,241,242,8,114.29
434,OKARA,DEPALPUR,SECONDARY-WING,39310614,GGHS SHAKOOR ABAD,270,238,277,7,505,562,519,14,775,21,796,800,25,119.05
435,OKARA,DEPALPUR,SECONDARY-WING,39310041,GGHSS MANDI AHMED ABAD,7,2,7,0,1503,1618,1594,91,1510,91,1601,1620,110,120.88
436,OKARA,DEPALPUR,SECONDARY-WING,39310278,GHS KOT SHAH MUSHTAQ,339,354,354,15,61,68,64,3,400,18,418,422,22,122.22
437,OKARA,DEPALPUR,SECONDARY-WING,39310616,GGHS PIR ISLAM,19,47,20,1,465,460,482,17,484,18,502,507,23,127.78
438,OKARA,DEPALPUR,SECONDARY-WING,39310064,GHS SHAH PUR,420,446,439,19,0,0,0,0,420,19,439,446,26,136.84
439,OKARA,DEPALPUR,SECONDARY-WING,39310002,GHS NO 2 HAVELI,680,715,703,23,0,1,0,0,680,23,703,716,36,156.52
440,OKARA,DEPALPUR,SECONDARY-WING,39311002,GHS KLASSAN HAMEED,518,549,539,21,4,6,4,0,522,21,543,555,33,157.14
441,OKARA,DEPALPUR,SECONDARY-WING,39310075,GHS MUSTAFABAD,175,170,181,6,45,61,46,1,220,7,227,231,11,157.14
442,OKARA,DEPALPUR,SECONDARY-WING,39310028,GHS ATTARI,304,363,340,36,8,16,9,1,312,37,349,379,67,181.08
443,OKARA,DEPALPUR,SECONDARY-WING,39310085,GHS WANDLA JAGIR,211,225,218,7,139,149,143,4,350,11,361,375,25,227.27
444,OKARA,DEPALPUR,SECONDARY-WING,39310140,GGHS MAROOF,38,44,39,1,304,314,310,6,342,7,349,358,16,228.57
445,OKARA,DEPALPUR,SECONDARY-WING,39310994,GHS CHAK GANDA SINGH,203,248,217,14,0,0,0,0,203,14,217,248,45,321.43
446,OKARA,DEPALPUR,SECONDARY-WING,39310271,GHS QILA SONDHA SINGH,253,286,263,10,0,0,0,0,253,10,263,286,33,330.00
447,OKARA,DEPALPUR,SECONDARY-WING,39310077,GHS NO.4 HAVELI LAKHA,306,331,313,7,0,0,0,0,306,7,313,331,25,357.14
448,OKARA,DEPALPUR,SECONDARY-WING,39310999,GHS JAMAL KOT,159,195,167,8,1,1,1,0,160,8,168,196,36,450.00
449,OKARA,DEPALPUR,SHAHAMAD-FEMALE,39310139,GGES CHAK IBRAHIM BASIR PUR,0,18,0,0,813,783,976,163,813,163,976,801,-12,-7.36
450,OKARA,DEPALPUR,SHAHAMAD-FEMALE,39310611,GGPS KUAYKI JAGEER,8,14,9,1,110,106,117,7,118,8,126,120,2,25.00
451,OKARA,DEPALPUR,SHAHAMAD-FEMALE,39310967,GGPS SHAHMAD,0,0,0,0,122,126,136,14,122,14,136,126,4,28.57
452,OKARA,DEPALPUR,SHAHAMAD-FEMALE,39310628,GGPS REHMAT KOT,52,54,56,4,69,70,75,6,121,10,131,124,3,30.00
453,OKARA,DEPALPUR,SHAHAMAD-FEMALE,39310636,GGPS BATAK,0,0,0,0,165,177,186,21,165,21,186,177,12,57.14
454,OKARA,DEPALPUR,SHAHAMAD-FEMALE,39310116,GGES AMIRA TEJAY KA,32,37,34,2,124,128,133,9,156,11,167,165,9,81.82
455,OKARA,DEPALPUR,SHAHAMAD-FEMALE,39310612,GGES NAHAL MOHAR,0,0,0,0,280,306,306,26,280,26,306,306,26,100.00
456,OKARA,DEPALPUR,SHAHAMAD-FEMALE,39310629,GGES KALASAN HAMEED,0,0,0,0,208,231,221,13,208,13,221,231,23,176.92
457,OKARA,DEPALPUR,SHAHMAND-MALE,39310202,GPS AMIRA TAJEKA,112,76,120,8,81,60,87,6,193,14,207,136,-57,-407.14
458,OKARA,DEPALPUR,SHAHMAND-MALE,39310327,GPS PURAN,72,71,80,8,67,69,74,7,139,15,154,140,1,6.67
459,OKARA,DEPALPUR,SHAHMAND-MALE,39310331,GPS NEHAL MAHAR,202,216,230,28,1,1,1,0,203,28,231,217,14,50.00
460,OKARA,DEPALPUR,SHAHMAND-MALE,39310333,GPS 10-D HAMONA ABAD,79,82,85,6,42,48,45,3,121,9,130,130,9,100.00
461,OKARA,DEPALPUR,SHAHMAND-MALE,39310351,GES DULLEY KEY MAHAR,95,98,103,8,59,70,64,5,154,13,167,168,14,107.69
462,OKARA,DEPALPUR,SHAMAS KAY - FEMALE,39310126,GGES SEHTI,65,66,70,5,108,107,116,8,173,13,186,173,0,0.00
463,OKARA,DEPALPUR,SHAMAS KAY - FEMALE,39310572,GGPS GHOUS PUR GUJJRAN (GATHAY PHAKNI),8,0,9,1,96,105,103,7,104,8,112,105,1,12.50
464,OKARA,DEPALPUR,SHAMAS KAY - FEMALE,39310567,GMPS DHUL GEHLA,50,51,54,4,52,52,56,4,102,8,110,103,1,12.50
465,OKARA,DEPALPUR,SHAMAS KAY - FEMALE,39311015,GGES  4-D,50,60,56,6,170,172,189,19,220,25,245,232,12,48.00
466,OKARA,DEPALPUR,SHAMAS KAY - FEMALE,39311008,GGES DHOOL CHOHAR,82,98,87,5,151,145,161,10,233,15,248,243,10,66.67
467,OKARA,DEPALPUR,SHAMAS KAY - FEMALE,39310533,GGPS THATHA MIANA,54,58,58,4,74,77,80,6,128,10,138,135,7,70.00
468,OKARA,DEPALPUR,SHAMAS KAY - FEMALE,39310585,GMPS KHAN BAHADAR,56,69,61,5,108,107,117,9,164,14,178,176,12,85.71
469,OKARA,DEPALPUR,SHAMAS KAY - FEMALE,39310581,GGCMS RAJ GARRH,130,151,141,11,144,143,156,12,274,23,297,294,20,86.96
470,OKARA,DEPALPUR,SHAMAS KAY - FEMALE,39310544,GGCMS CHAK NO. 2/D,0,11,0,0,202,208,219,17,202,17,219,219,17,100.00
471,OKARA,DEPALPUR,SHAMAS KAY - FEMALE,39310569,GGPS SHAMAS KAY,0,11,0,0,139,146,157,18,139,18,157,157,18,100.00
472,OKARA,DEPALPUR,SHAMAS KAY - FEMALE,39310580,GMPS AMAN WALA NO. 1,53,56,57,4,59,64,63,4,112,8,120,120,8,100.00
473,OKARA,DEPALPUR,SHAMAS KAY - FEMALE,39310577,GGPS SHER NAGAR,52,67,57,5,73,83,80,7,125,12,137,150,25,208.33
474,OKARA,DEPALPUR,SHAMAS KAY - MALE,39310287,GPS MAHTAM,68,48,74,6,33,27,36,3,101,9,110,75,-26,-288.89
475,OKARA,DEPALPUR,SHAMAS KAY - MALE,39310269,GPS GHOUS PUR GUJJRAN (GHATTAY PHAKNI),101,101,119,18,0,0,0,0,101,18,119,101,0,0.00
476,OKARA,DEPALPUR,SHAMAS KAY - MALE,39310267,GPS BATTIAN,101,102,116,15,0,0,0,0,101,15,116,102,1,6.67
477,OKARA,DEPALPUR,SHAMAS KAY - MALE,39310261,GPS CHAK NO.18-D,229,239,269,40,1,2,1,0,230,40,270,241,11,27.50
478,OKARA,DEPALPUR,SHAMAS KAY - MALE,39310231,GPS KHANAN WALI HUJRA,92,91,102,10,44,50,49,5,136,15,151,141,5,33.33
479,OKARA,DEPALPUR,SHAMAS KAY - MALE,39310265,GES PHULER WAN WAZIR KE,127,136,148,21,44,51,51,7,171,28,199,187,16,57.14
480,OKARA,DEPALPUR,SHAMAS KAY - MALE,39310242,GES SHEIN WALA,141,144,160,19,109,126,124,15,250,34,284,270,20,58.82
481,OKARA,DEPALPUR,SHAMAS KAY - MALE,39310232,GPS ABDULLAH COLONY,165,181,184,19,0,0,0,0,165,19,184,181,16,84.21
482,OKARA,DEPALPUR,SHAMAS KAY - MALE,39310262,GPS SHAMAS KAY,123,135,136,13,0,0,0,0,123,13,136,135,12,92.31
483,OKARA,DEPALPUR,SHER GARH - FEMALE,39311011,GGES THATHA MEHAR ALI SHAH,27,28,31,4,63,62,73,10,90,14,104,90,0,0.00
484,OKARA,DEPALPUR,SHER GARH - FEMALE,39310575,GGPS SIDDIQUE NAGAR SHAIR GARRH,0,0,0,0,156,160,181,25,156,25,181,160,4,16.00
485,OKARA,DEPALPUR,SHER GARH - FEMALE,39311073,GGES CHAK NO. 25/D,2,2,2,0,149,151,161,12,151,12,163,153,2,16.67
486,OKARA,DEPALPUR,SHER GARH - FEMALE,39310579,GMPS BONGA SODHI WALA,79,74,85,6,76,83,82,6,155,12,167,157,2,16.67
487,OKARA,DEPALPUR,SHER GARH - FEMALE,39311007,GGES AWAN OUTAR,47,46,53,6,69,73,78,9,116,15,131,119,3,20.00
488,OKARA,DEPALPUR,SHER GARH - FEMALE,39310128,GGES 19-D,0,0,0,0,262,266,281,19,262,19,281,266,4,21.05
489,OKARA,DEPALPUR,SHER GARH - FEMALE,39310129,GGES 18/D SHER GARH,0,0,0,0,321,336,354,33,321,33,354,336,15,45.45
490,OKARA,DEPALPUR,SHER GARH - FEMALE,39310558,GGES CHAK NO. 24/D,0,0,0,0,255,275,285,30,255,30,285,275,20,66.67
491,OKARA,DEPALPUR,SHER GARH - FEMALE,39311012,GGES CHAK NO. 33-D,0,0,0,0,233,255,264,31,233,31,264,255,22,70.97
492,OKARA,DEPALPUR,SHER GARH - FEMALE,39311072,GGES CHAK WALAIT ALI SHAH,23,28,25,2,58,62,63,5,81,7,88,90,9,128.57
493,OKARA,DEPALPUR,SHER GARH - FEMALE,39311087,GGPS CHAH GEHNEY WALA,0,14,3,3,0,18,3,3,0,6,6,32,32,533.33
494,OKARA,DEPALPUR,SHER GARH - MALE,39310285,GPS 23-D,199,183,219,20,81,91,89,8,280,28,308,274,-6,-21.43
495,OKARA,DEPALPUR,SHER GARH - MALE,39310248,GPS REHMAT WALA,52,53,55,3,49,48,52,3,101,6,107,101,0,0.00
496,OKARA,DEPALPUR,SHER GARH - MALE,39310260,GPS SHER GARH MOHALLA NOOR SHAH,163,166,192,29,0,0,0,0,163,29,192,166,3,10.34
497,OKARA,DEPALPUR,SHER GARH - MALE,39310245,GPS DHOLA DHAPPI,67,69,72,5,35,36,37,2,102,7,109,105,3,42.86
498,OKARA,DEPALPUR,SHER GARH - MALE,39310820,GPS CHAK NO. 17-D,67,73,72,5,69,69,74,5,136,10,146,142,6,60.00
499,OKARA,DEPALPUR,SHER GARH - MALE,39310068,GES WANAIKH,213,224,232,19,0,2,0,0,213,19,232,226,13,68.42
500,OKARA,DEPALPUR,SHER GARH - MALE,39310988,GPS 29/D,98,111,107,9,38,41,41,3,136,12,148,152,16,133.33
501,OKARA,DEPALPUR,SUKH PUR - FEMALE,39310976,GGPS 51/D,45,52,49,4,62,55,68,6,107,10,117,107,0,0.00
502,OKARA,DEPALPUR,SUKH PUR - FEMALE,39310703,GGPS KHAIR PUR,53,54,57,4,53,52,57,4,106,8,114,106,0,0.00
503,OKARA,DEPALPUR,SUKH PUR - FEMALE,39310165,GGES PROBAN ABAD,0,0,0,0,265,284,314,49,265,49,314,284,19,38.78
504,OKARA,DEPALPUR,SUKH PUR - FEMALE,39310741,GGPS SHAH NAWAZ,57,64,64,7,68,68,77,9,125,16,141,132,7,43.75
505,OKARA,DEPALPUR,SUKH PUR - FEMALE,39310973,GGES KACHA PAKKA,14,19,15,1,201,207,220,19,215,20,235,226,11,55.00
506,OKARA,DEPALPUR,SUKH PUR - FEMALE,39310166,GGES SHAH YAKKA,0,0,0,0,282,299,305,23,282,23,305,299,17,73.91
507,OKARA,DEPALPUR,SUKH PUR - FEMALE,39310695,GMPS CHAK ASAD ULLAH PUR,51,54,55,4,60,63,64,4,111,8,119,117,6,75.00
508,OKARA,DEPALPUR,SUKH PUR - FEMALE,39310522,GGCMES SUKH PUR,0,0,0,0,123,130,130,7,123,7,130,130,7,100.00
509,OKARA,DEPALPUR,SUKH PUR - MALE,39310430,GPS KACHA PAKA,146,134,161,15,85,76,93,8,231,23,254,210,-21,-91.30
510,OKARA,DEPALPUR,SUKH PUR - MALE,39310103,GES SHAH YAKKA,551,540,606,55,0,0,0,0,551,55,606,540,-11,-20.00
511,OKARA,DEPALPUR,SUKH PUR - MALE,39310946,GPS SHAH NAWAZ,76,73,81,5,31,33,33,2,107,7,114,106,-1,-14.29
512,OKARA,DEPALPUR,SUKH PUR - MALE,39310440,GPS BHAGWAN PURA,110,109,129,19,1,1,1,0,111,19,130,110,-1,-5.26
513,OKARA,DEPALPUR,SUKH PUR - MALE,39310423,GPS THAKAR SINGH,97,96,110,13,87,89,99,12,184,25,209,185,1,4.00
514,OKARA,DEPALPUR,SUKH PUR - MALE,39310436,GPS DELLIAN WALI,95,94,110,15,33,35,38,5,128,20,148,129,1,5.00
515,OKARA,DEPALPUR,SUKH PUR - MALE,39310873,GPS CHAK NO. 51-D,59,67,64,5,45,39,49,4,104,9,113,106,2,22.22
516,OKARA,DEPALPUR,SUKH PUR - MALE,39310987,GES MOHAL MUSA KHAN,186,180,198,12,22,32,23,1,208,13,221,212,4,30.77
517,OKARA,DEPALPUR,SUKH PUR - MALE,39310096,GES SUKH PUR,533,546,593,60,7,16,8,1,540,61,601,562,22,36.07
518,OKARA,DEPALPUR,SUKH PUR - MALE,39310986,GPS TULLAH KAMBOH,92,90,99,7,9,15,10,1,101,8,109,105,4,50.00
519,OKARA,OKARA,33/2R - FEMALE,39320667,GGES CHAK NO.30/2-RA,0,0,0,0,314,321,341,27,314,27,341,321,7,25.93
520,OKARA,OKARA,33/2R - FEMALE,39320676,GMPS KIKRI WALA,42,46,44,2,59,57,61,2,101,4,105,103,2,50.00
521,OKARA,OKARA,33/2R - FEMALE,39320668,GGPS 29/2-R,0,10,0,0,126,124,138,12,126,12,138,134,8,66.67
522,OKARA,OKARA,33/2R - FEMALE,39320673,GMPS 27/2-RA,123,138,133,10,143,144,155,12,266,22,288,282,16,72.73
523,OKARA,OKARA,33/2R - FEMALE,39330682,GGCMS  25/2-R,0,0,0,0,216,242,242,26,216,26,242,242,26,100.00
524,OKARA,OKARA,33/2R - FEMALE,39320675,GGES 20/G.D,27,36,29,2,308,319,326,18,335,20,355,355,20,100.00
525,OKARA,OKARA,33/2R - FEMALE,39330145,GGES 28/2-RA,0,7,0,0,128,131,138,10,128,10,138,138,10,100.00
526,OKARA,OKARA,33/2R - FEMALE,39330681,GGES CHAK NO. 19/1-R,88,90,92,4,146,155,153,7,234,11,245,245,11,100.00
527,OKARA,OKARA,33/2R - FEMALE,39330680,GGPS CHAK NO. 18/1-R,0,0,0,0,110,119,119,9,110,9,119,119,9,100.00
528,OKARA,OKARA,33/2R - FEMALE,39320601,GMPS 56/2-L,162,182,177,15,99,103,108,9,261,24,285,285,24,100.00
529,OKARA,OKARA,33/2R - FEMALE,39320671,GGPS CHAK NO.34/2-RA,0,0,0,0,328,338,337,9,328,9,337,338,10,111.11
530,OKARA,OKARA,33/2R - FEMALE,39330686,GMPS CHAK NO. 26/2-R,85,91,89,4,93,100,98,5,178,9,187,191,13,144.44
531,OKARA,OKARA,33/2R - FEMALE,39320643,GGCMS CHAK NO 3/4-L,0,9,0,0,235,260,256,21,235,21,256,269,34,161.90
532,OKARA,OKARA,33/2R - MALE,39320420,GPS BAGIANA,54,53,58,4,38,39,41,3,92,7,99,92,0,0.00
533,OKARA,OKARA,33/2R - MALE,39330416,GPS CHAK NO. 18/1-R,121,121,134,13,0,0,0,0,121,13,134,121,0,0.00
534,OKARA,OKARA,33/2R - MALE,39320429,GPS CHAK NO. 30/2-R,123,123,134,11,0,0,0,0,123,11,134,123,0,0.00
535,OKARA,OKARA,33/2R - MALE,39320430,GPS CHAK NO. 34/ 2-RA,178,178,191,13,0,0,0,0,178,13,191,178,0,0.00
536,OKARA,OKARA,33/2R - MALE,39320402,GPS CHAK NO. 36/2-RA,161,161,180,19,0,0,0,0,161,19,180,161,0,0.00
537,OKARA,OKARA,33/2R - MALE,39320423,GPS CHAK NO.19/G.D,108,108,123,15,0,0,0,0,108,15,123,108,0,0.00
538,OKARA,OKARA,33/2R - MALE,39320428,GPS CHAK NO. 29/2-R,121,123,130,9,0,0,0,0,121,9,130,123,2,22.22
539,OKARA,OKARA,33/2R - MALE,39320405,GPS BASTI SOBHEY WALA,61,61,63,2,44,45,46,2,105,4,109,106,1,25.00
540,OKARA,OKARA,33/2R - MALE,39330395,GPS CHAK NO. 28/2-R,87,87,97,10,3,7,3,0,90,10,100,94,4,40.00
541,OKARA,OKARA,33/2R - MALE,39320408,GES CHAK NO. 22/G.D,130,137,137,7,0,0,0,0,130,7,137,137,7,100.00
542,OKARA,OKARA,33/2R - MALE,39320404,GES CHAK NO.38/2-RA,161,217,165,4,0,0,0,0,161,4,165,217,56,1400.00
543,OKARA,OKARA,4/4.L-FEMALE,39320641,GGCMS 6-A/4-L,10,6,11,1,111,97,121,10,121,11,132,103,-18,-163.64
544,OKARA,OKARA,4/4.L-FEMALE,39320782,GGPS 40/2.L,0,0,0,0,102,101,110,8,102,8,110,101,-1,-12.50
545,OKARA,OKARA,4/4.L-FEMALE,39320786,GGPS 39/2.L JORAY,0,0,0,0,66,66,73,7,66,7,73,66,0,0.00
546,OKARA,OKARA,4/4.L-FEMALE,39320956,GGPS MC NO. 1 RAIL BAZAR,40,44,43,3,52,48,56,4,92,7,99,92,0,0.00
547,OKARA,OKARA,4/4.L-FEMALE,39320785,GMES 41/2-L,143,134,152,9,142,151,151,9,285,18,303,285,0,0.00
548,OKARA,OKARA,4/4.L-FEMALE,39320616,GMPS 12/4-L,129,131,139,10,212,210,228,16,341,26,367,341,0,0.00
549,OKARA,OKARA,4/4.L-FEMALE,39320602,GGES 53/2-L,0,0,0,0,1080,1083,1154,74,1080,74,1154,1084,4,5.41
550,OKARA,OKARA,4/4.L-FEMALE,39321042,GGPS 6/4-L,58,60,61,3,79,78,82,3,137,6,143,138,1,16.67
551,OKARA,OKARA,4/4.L-FEMALE,39320623,GGPS 15/4.L,0,3,0,0,243,249,260,17,243,17,260,252,9,52.94
552,OKARA,OKARA,4/4.L-FEMALE,39320633,GGPS CHAK NO. 27/4-L,0,0,0,0,219,230,235,16,219,16,235,230,11,68.75
553,OKARA,OKARA,4/4.L-FEMALE,39320617,GGPS 9/4.L,64,64,68,4,167,181,178,11,231,15,246,245,14,93.33
554,OKARA,OKARA,4/4.L-FEMALE,39320168,GGES CHAK NO. 42/2-L,3,21,3,0,139,135,152,13,142,13,155,156,14,107.69
555,OKARA,OKARA,4/4-L-MALE,39320366,GPS CHAK 35/2-L,112,98,123,11,0,0,0,0,112,11,123,98,-14,-127.27
556,OKARA,OKARA,4/4-L-MALE,39320378,GPS CHAK 4/4-L,171,138,205,34,0,0,0,0,171,34,205,138,-33,-97.06
557,OKARA,OKARA,4/4-L-MALE,39320380,GPS CHAK NO 9/4-L,26,26,30,4,19,18,22,3,45,7,52,44,-1,-14.29
558,OKARA,OKARA,4/4-L-MALE,39320304,GPS CHAK 40/2-L,112,112,121,9,0,0,0,0,112,9,121,112,0,0.00
559,OKARA,OKARA,4/4-L-MALE,39320356,GPS CHAK 6-A/4-L,111,111,119,8,0,0,0,0,111,8,119,111,0,0.00
560,OKARA,OKARA,4/4-L-MALE,39320352,GES CHAK 44/2-L,303,305,340,37,0,0,0,0,303,37,340,305,2,5.41
561,OKARA,OKARA,4/4-L-MALE,39320379,GPS CHAK 3/4.L,165,171,179,14,0,0,0,0,165,14,179,171,6,42.86
562,OKARA,OKARA,4/4-L-MALE,39320377,GPS NO 10/4-L,134,140,148,14,125,131,138,13,259,27,286,271,12,44.44
563,OKARA,OKARA,4/4-L-MALE,39320376,GPS CHAK 8/4-L,99,98,106,7,92,100,98,6,191,13,204,198,7,53.85
564,OKARA,OKARA,4/4-L-MALE,39320351,GPS CHAK 43/2-L,62,69,65,3,54,53,57,3,116,6,122,122,6,100.00
565,OKARA,OKARA,40/4-L-MALE,39320302,GPS 36-A/4.L,271,250,287,16,0,0,0,0,271,16,287,250,-21,-131.25
566,OKARA,OKARA,40/4-L-MALE,39320297,GPS CHAK 38/4-L,104,88,124,20,0,0,0,0,104,20,124,88,-16,-80.00
567,OKARA,OKARA,40/4-L-MALE,39320301,GPS 42/4-L,168,163,182,14,82,85,89,7,250,21,271,248,-2,-9.52
568,OKARA,OKARA,40/4-L-MALE,39320287,GPS CHAK  22/4-L,132,135,148,16,0,0,0,0,132,16,148,135,3,18.75
569,OKARA,OKARA,40/4-L-MALE,39320290,GES CHAK 31/4-L,254,283,286,32,0,0,0,0,254,32,286,283,29,90.63
570,OKARA,OKARA,40/4-L-MALE,39320286,GPS CHAK NO. 34/4-L,146,157,158,12,0,0,0,0,146,12,158,157,11,91.67
571,OKARA,OKARA,40/4-L-MALE,39320285,GPS CHAK 35/4-L,132,145,145,13,0,0,0,0,132,13,145,145,13,100.00
572,OKARA,OKARA,AKBAR - FEMALE,39320486,GMPS CHAK 47/G.D,48,22,53,5,40,28,44,4,88,9,97,50,-38,-422.22
573,OKARA,OKARA,AKBAR - FEMALE,39320538,GGES BHOJIAN,46,47,50,4,156,161,169,13,202,17,219,208,6,35.29
574,OKARA,OKARA,AKBAR - FEMALE,39320699,GGCMES ZAKHIRA GASHKORI,51,61,54,3,166,165,176,10,217,13,230,226,9,69.23
575,OKARA,OKARA,AKBAR - FEMALE,39320489,GGES 51/3-R,25,36,27,2,293,304,313,20,318,22,340,340,22,100.00
576,OKARA,OKARA,AKBAR - FEMALE,39320690,GGES CHAK NO. 50/3-R,0,0,0,0,487,513,513,26,487,26,513,513,26,100.00
577,OKARA,OKARA,AKBAR - FEMALE,39320531,GGPS SHAREEN,0,0,0,0,94,105,105,11,94,11,105,105,11,100.00
578,OKARA,OKARA,AKBAR - FEMALE,39320484,GMPS HAMAND KAY,69,73,71,2,82,83,85,3,151,5,156,156,5,100.00
579,OKARA,OKARA,AKBAR - FEMALE,39320534,GGPS THATA INAYAT KAY,56,59,60,4,52,59,56,4,108,8,116,118,10,125.00
580,OKARA,OKARA,AKBAR - FEMALE,39320526,GMPS CHAK KHAN MUHAMMAD,37,41,39,2,43,44,45,2,80,4,84,85,5,125.00
581,OKARA,OKARA,AKBAR - FEMALE,39320471,GMPS WAN MEHR SINGH,112,135,119,7,98,110,104,6,210,13,223,245,35,269.23
582,OKARA,OKARA,AKBAR - MALE,39321038,GPS CHAH PIR MUHAMMAD,37,37,41,4,21,21,23,2,58,6,64,58,0,0.00
583,OKARA,OKARA,AKBAR - MALE,39320220,GPS CHAK 39/G.D,4,4,8,4,0,0,0,0,4,4,8,4,0,0.00
584,OKARA,OKARA,AKBAR - MALE,39320209,GPS DHOOTA ,88,82,94,6,23,29,25,2,111,8,119,111,0,0.00
585,OKARA,OKARA,AKBAR - MALE,39320425,GPS CHAK NO. 20/G.D,169,167,189,20,3,6,3,0,172,20,192,173,1,5.00
586,OKARA,OKARA,AKBAR - MALE,39320208,GPS CHAK 35/G.D,163,165,176,13,0,0,0,0,163,13,176,165,2,15.38
587,OKARA,OKARA,AKBAR - MALE,39320174,GPS CHANU MAHTAM,65,63,71,6,59,63,65,6,124,12,136,126,2,16.67
588,OKARA,OKARA,AKBAR - MALE,39320409,GPS CHAK NO. 23-A/G.D,110,112,121,11,0,0,0,0,110,11,121,112,2,18.18
589,OKARA,OKARA,AKBAR - MALE,39320211,GPS BUDDH JALAL,24,25,26,2,18,19,20,2,42,4,46,44,2,50.00
590,OKARA,OKARA,AKBAR - MALE,39321037,GPS THATHA NAAM DAR,73,77,79,6,62,64,67,5,135,11,146,141,6,54.55
591,OKARA,OKARA,BURAJ JIWE KHAN-FEMALE,39320706,GGPS CHAK FATTO ANA,14,14,15,1,54,46,58,4,68,5,73,60,-8,-160.00
592,OKARA,OKARA,BURAJ JIWE KHAN-FEMALE,39320147,GGES SOBAY WALA,35,37,37,2,85,84,91,6,120,8,128,121,1,12.50
593,OKARA,OKARA,BURAJ JIWE KHAN-FEMALE,39320518,GMPS UTHWAL KHALSA,53,49,58,5,52,58,56,4,105,9,114,107,2,22.22
594,OKARA,OKARA,BURAJ JIWE KHAN-FEMALE,39320516,GGPS MURDANI,14,13,15,1,35,39,38,3,49,4,53,52,3,75.00
595,OKARA,OKARA,BURAJ JIWE KHAN-FEMALE,39320697,GMES CHAK 45/3-R,163,183,171,8,283,282,297,14,446,22,468,465,19,86.36
596,OKARA,OKARA,BURAJ JIWE KHAN-FEMALE,39320527,GGES 41/G.D,0,0,0,0,103,112,112,9,103,9,112,112,9,100.00
597,OKARA,OKARA,BURAJ JIWE KHAN-FEMALE,39321006,GGPS KOTHAY 30/2-R,45,49,47,2,56,57,59,3,101,5,106,106,5,100.00
598,OKARA,OKARA,BURAJ JIWE KHAN-FEMALE,39320499,GGPS 36-A/G.D,7,12,8,1,173,182,185,12,180,13,193,194,14,107.69
599,OKARA,OKARA,BURJ JIWAY KHAN-MALE,39320219,GPS CHAK NO 41/G.D,100,101,109,9,1,0,1,0,101,9,110,101,0,0.00
600,OKARA,OKARA,BURJ JIWAY KHAN-MALE,39320102,GES ZAKHIRA GASHKORI,130,135,137,7,24,23,25,1,154,8,162,158,4,50.00
601,OKARA,OKARA,BURJ JIWAY KHAN-MALE,39320950,GPS 40/3.R NEW KALA NAUR,66,66,69,3,68,74,71,3,134,6,140,140,6,100.00
602,OKARA,OKARA,BURJ JIWAY KHAN-MALE,39320180,GPS CHAK 42/G.D,142,153,153,11,0,0,0,0,142,11,153,153,11,100.00
603,OKARA,OKARA,BURJ JIWAY KHAN-MALE,39320221,GPS GASHKORIAN NO 1,68,67,76,8,53,68,59,6,121,14,135,135,14,100.00
604,OKARA,OKARA,BURJ JIWAY KHAN-MALE,39320811,GPS WAN MAHABAT KI,68,84,74,6,65,63,71,6,133,12,145,147,14,116.67
605,OKARA,OKARA,GASHKORI - FEMALE,39320478,GMPS GASHKORI ARAIAN,56,55,60,4,58,59,62,4,114,8,122,114,0,0.00
606,OKARA,OKARA,GASHKORI - FEMALE,39320691,GGES 46/3-R,70,85,76,6,231,219,249,18,301,24,325,304,3,12.50
607,OKARA,OKARA,GASHKORI - FEMALE,39320622,GGCMS 16/4-L,0,0,0,0,333,342,359,26,333,26,359,342,9,34.62
608,OKARA,OKARA,GASHKORI - FEMALE,39320997,GGCMS 18/4-L,83,95,87,4,184,185,193,9,267,13,280,280,13,100.00
609,OKARA,OKARA,GASHKORI - FEMALE,39320696,GGES CHAK NO. 44/3-R,19,26,20,1,191,196,202,11,210,12,222,222,12,100.00
610,OKARA,OKARA,GASHKORI - FEMALE,39320621,GGPS 18/4-L,0,0,0,0,104,113,113,9,104,9,113,113,9,100.00
611,OKARA,OKARA,GASHKORI - FEMALE,39320494,GGPS 53/3-R,0,0,0,0,152,164,164,12,152,12,164,164,12,100.00
612,OKARA,OKARA,GASHKORI - FEMALE,39320108,GGES CHAK NO.42/3-R SACHAN WALA,103,111,109,6,151,158,160,9,254,15,269,270,16,106.67
613,OKARA,OKARA,GASHKORI - MALE,39320406,GPS CHAK NO. 40/3-R,201,187,225,24,0,0,0,0,201,24,225,187,-14,-58.33
614,OKARA,OKARA,GASHKORI - MALE,39320399,GPS CHAK NO. 47/3-R,117,115,125,8,0,0,0,0,117,8,125,115,-2,-25.00
615,OKARA,OKARA,GASHKORI - MALE,39320213,GES CHAK 52/3-R,445,435,498,53,0,0,0,0,445,53,498,435,-10,-18.87
616,OKARA,OKARA,GASHKORI - MALE,39320214,GPS CHAK 53/3-R,143,143,164,21,0,0,0,0,143,21,164,143,0,0.00
617,OKARA,OKARA,GASHKORI - MALE,39320388,GES CHAK NO. 39/3-R,469,472,509,40,0,0,0,0,469,40,509,472,3,7.50
618,OKARA,OKARA,GASHKORI - MALE,39320375,GPS CHAK 13/4-L,124,127,139,15,0,0,0,0,124,15,139,127,3,20.00
619,OKARA,OKARA,GASHKORI - MALE,39320390,GPS CHAK NO. 43/ 3-R,73,70,78,5,59,64,63,4,132,9,141,134,2,22.22
620,OKARA,OKARA,GASHKORI - MALE,39320391,GPS CHAK NO. 43/3-R KARAM PUR,72,76,77,5,49,53,52,3,121,8,129,129,8,100.00
621,OKARA,OKARA,GASHKORI - MALE,39320434,GPS CHAK NO. 46/3-R,51,56,56,5,0,0,0,0,51,5,56,56,5,100.00
622,OKARA,OKARA,GASHKORI - MALE,39320398,GPS CHAK NO. 50/3-R,163,174,174,11,0,0,0,0,163,11,174,174,11,100.00
623,OKARA,OKARA,GASHKORI - MALE,39320218,GPS KOTHAY NOOR MUHAMMAD,65,69,68,3,46,48,48,2,111,5,116,117,6,120.00
624,OKARA,OKARA,GOGERA-FEMALE,39320487,GGPS WAN ABDUL KAY,15,19,16,1,125,121,132,7,140,8,148,140,0,0.00
625,OKARA,OKARA,GOGERA-FEMALE,39320777,GGPS ARAZI SHANKAR DAS,4,5,4,0,252,252,259,7,256,7,263,257,1,14.29
626,OKARA,OKARA,GOGERA-FEMALE,39320508,GGPS BASTI ABDUL SATTAR,0,1,0,0,304,307,328,24,304,24,328,308,4,16.67
627,OKARA,OKARA,GOGERA-FEMALE,39320514,GGPS THATA SYEDAN,6,13,7,1,110,109,121,11,116,12,128,122,6,50.00
628,OKARA,OKARA,GOGERA-FEMALE,39320161,GGES GOGERA KHAS,55,56,57,2,338,351,350,12,393,14,407,407,14,100.00
629,OKARA,OKARA,GOGERA-FEMALE,39320492,GGPS THATHA MUSRERA,6,11,6,0,120,124,129,9,126,9,135,135,9,100.00
630,OKARA,OKARA,GOGERA-FEMALE,39320500,GMPS 17/G.D,105,112,111,6,129,135,136,7,234,13,247,247,13,100.00
631,OKARA,OKARA,GOGERA-MALE,39320195,GPS BAGHIANA PO SADDAR GOGERA,269,258,280,11,87,94,91,4,356,15,371,352,-4,-26.67
632,OKARA,OKARA,GOGERA-MALE,39320843,GPS ADP CHAK NO. 30-A/G.D,63,57,70,7,53,59,59,6,116,13,129,116,0,0.00
633,OKARA,OKARA,GOGERA-MALE,39320210,GPS CHAK 33/G.D,51,51,60,9,0,0,0,0,51,9,60,51,0,0.00
634,OKARA,OKARA,GOGERA-MALE,39320222,GPS THATHA MUSRAIRA,121,121,139,18,0,0,0,0,121,18,139,121,0,0.00
635,OKARA,OKARA,GOGERA-MALE,39320207,GPS THATHA WAHAB KA,74,70,80,6,53,57,57,4,127,10,137,127,0,0.00
636,OKARA,OKARA,GOGERA-MALE,39320203,GPS THATHA ARAZI,199,201,226,27,0,0,0,0,199,27,226,201,2,7.41
637,OKARA,OKARA,GOGERA-MALE,39320078,GES ARAZI WADHAWA,253,256,287,34,0,0,0,0,253,34,287,256,3,8.82
638,OKARA,OKARA,GOGERA-MALE,39320079,GES JATHIANA,113,114,120,7,13,15,14,1,126,8,134,129,3,37.50
639,OKARA,OKARA,GOGERA-MALE,39320186,GPS CHAK NO 31/G.D,96,92,102,6,5,13,5,0,101,6,107,105,4,66.67
640,OKARA,OKARA,GOGERA-MALE,39320170,GPS THATHA SYEDAN,122,132,132,10,0,0,0,0,122,10,132,132,10,100.00
641,OKARA,OKARA,GOGERA-MALE,39320801,GPS LABHAY SHAH,97,100,102,5,25,34,26,1,122,6,128,134,12,200.00
642,OKARA,OKARA,JABOOKA - FEMALE,39320749,GGPS JABOKA NO.1,20,19,22,2,24,27,26,2,44,4,48,46,2,50.00
643,OKARA,OKARA,JABOOKA - FEMALE,39320110,GGES MEERAK,0,23,0,0,300,295,323,23,300,23,323,318,18,78.26
644,OKARA,OKARA,JABOOKA - FEMALE,39320723,GGES KHUSHI MUHAMMAD 16/G.D,22,30,23,1,210,214,221,11,232,12,244,244,12,100.00
645,OKARA,OKARA,JABOOKA - FEMALE,39320520,GGPS 27/G.D,3,4,3,0,276,294,295,19,279,19,298,298,19,100.00
646,OKARA,OKARA,JABOOKA - FEMALE,39320511,GMPS 13G.D,66,73,69,3,94,94,98,4,160,7,167,167,7,100.00
647,OKARA,OKARA,JABOOKA - FEMALE,39320750,GGPS CHAK JOOTA / TARIQ ABAD,19,27,21,2,82,84,89,7,101,9,110,111,10,111.11
648,OKARA,OKARA,JABOOKA - FEMALE,39320707,GGPS LAHI FAZAL SHAH,5,9,5,0,96,100,103,7,101,7,108,109,8,114.29
649,OKARA,OKARA,JABOOKA - FEMALE,39330679,GGPS CHAK NO. 17/1-R,0,1,0,0,223,240,238,15,223,15,238,241,18,120.00
650,OKARA,OKARA,JABOOKA - FEMALE,39320702,GGPS CHAK NO.15/G.D,0,0,0,0,107,119,117,10,107,10,117,119,12,120.00
651,OKARA,OKARA,JABOOKA - MALE,39320199,GES CHAK 36-A/G.D,180,164,196,16,0,11,0,0,180,16,196,175,-5,-31.25
652,OKARA,OKARA,JABOOKA - MALE,39320201,GPS CHAK 25/G.D,121,131,131,10,0,0,0,0,121,10,131,131,10,100.00
653,OKARA,OKARA,JABOOKA - MALE,39320451,GPS LAHI FAZAL SHAH,65,71,71,6,0,0,0,0,65,6,71,71,6,100.00
654,OKARA,OKARA,JABOOKA - MALE,39320187,GPS WAN LAKHA NO 2,58,65,62,4,64,65,68,4,122,8,130,130,8,100.00
655,OKARA,OKARA,JABOOKA - MALE,39320421,GPS BASTI KARAM CHAND,94,102,99,5,76,78,80,4,170,9,179,180,10,111.11
656,OKARA,OKARA,JABOOKA - MALE,39320188,GPS FATTU ANA,82,80,88,6,48,60,51,3,130,9,139,140,10,111.11
657,OKARA,OKARA,JABOOKA - MALE,39330415,GPS CHAK NO. 17/1-R,139,151,147,8,0,0,0,0,139,8,147,151,12,150.00
658,OKARA,OKARA,JABOOKA - MALE,39320450,GES CHAK NO. 15/G.D ,155,176,160,5,0,0,0,0,155,5,160,176,21,420.00
659,OKARA,OKARA,JOIYA - FEMALE,39331030,GGPS 14/1-R,10,23,11,1,133,95,140,7,143,8,151,118,-25,-312.50
660,OKARA,OKARA,JOIYA - FEMALE,39320773,GMPS CHAK NO. 16/1-R SLAMAT RAI,21,23,23,2,31,23,33,2,52,4,56,46,-6,-150.00
661,OKARA,OKARA,JOIYA - FEMALE,39320740,GGPS 11/G.D BUDHAY WALA,13,15,14,1,36,32,40,4,49,5,54,47,-2,-40.00
662,OKARA,OKARA,JOIYA - FEMALE,39320772,GGPS CHAK NO. 16/1-R TEHSILDAR WALA,48,48,50,2,56,57,59,3,104,5,109,105,1,20.00
663,OKARA,OKARA,JOIYA - FEMALE,39320765,GGPS SHERKAY ZAREEN,5,15,5,0,122,114,131,9,127,9,136,129,2,22.22
664,OKARA,OKARA,JOIYA - FEMALE,39320160,GGES JOYIA,0,0,0,0,264,268,280,16,264,16,280,268,4,25.00
665,OKARA,OKARA,JOIYA - FEMALE,39320738,GGPS 10/G.D JORA,0,0,0,0,107,112,119,12,107,12,119,112,5,41.67
666,OKARA,OKARA,JOIYA - FEMALE,39320770,GMPS CHAK NO. 11/1-R,87,89,94,7,101,113,109,8,188,15,203,202,14,93.33
667,OKARA,OKARA,JOIYA - FEMALE,39320771,GGES CHAK NO. 15/1-R,37,58,39,2,283,282,299,16,320,18,338,340,20,111.11
668,OKARA,OKARA,JOIYA - FEMALE,39320727,GGPS DOLLA,41,48,45,4,59,64,64,5,100,9,109,112,12,133.33
669,OKARA,OKARA,JOIYA - FEMALE,39320149,GGES CHAK NO. 12/1-R,0,0,0,0,300,321,315,15,300,15,315,321,21,140.00
670,OKARA,OKARA,JOIYA - FEMALE,39320742,GGES 11/G.D KALAPUR,0,0,0,0,226,276,241,15,226,15,241,276,50,333.33
671,OKARA,OKARA,JOYIA,39320338,GPS KOT SULTAN PUR,61,63,65,4,8,6,8,0,69,4,73,69,0,0.00
672,OKARA,OKARA,JOYIA,39320323,GPS CHAK 10/G.D,93,94,105,12,0,0,0,0,93,12,105,94,1,8.33
673,OKARA,OKARA,JOYIA,39320445,GPS CHAK NO. 15/1-R,113,113,124,11,2,3,2,0,115,11,126,116,1,9.09
674,OKARA,OKARA,JOYIA,39320347,GPS 11/G.D KALAPUR,157,160,169,12,0,0,0,0,157,12,169,160,3,25.00
675,OKARA,OKARA,JOYIA,39320337,GPS JASSO KE KALASON,113,118,126,13,0,0,0,0,113,13,126,118,5,38.46
676,OKARA,OKARA,JOYIA,39320322,GPS NAUL,79,76,84,5,51,60,55,4,130,9,139,136,6,66.67
677,OKARA,OKARA,KARMAN WALA - FEMALE,39320784,GGES 35/2-L,0,0,0,0,201,202,217,16,201,16,217,202,1,6.25
678,OKARA,OKARA,KARMAN WALA - FEMALE,39320789,GGPS 29/2-L,0,0,0,0,197,198,212,15,197,15,212,198,1,6.67
679,OKARA,OKARA,KARMAN WALA - FEMALE,39320167,GGES 45/2-L,60,64,63,3,240,239,250,10,300,13,313,303,3,23.08
680,OKARA,OKARA,KARMAN WALA - FEMALE,39320614,GMPS 33/2-L,115,120,125,10,189,195,205,16,304,26,330,315,11,42.31
681,OKARA,OKARA,KARMAN WALA - FEMALE,39320603,GGPS 50/2-L,0,14,0,0,151,143,163,12,151,12,163,157,6,50.00
682,OKARA,OKARA,KARMAN WALA - FEMALE,39320606,GGES 47/2-L,35,39,38,3,108,112,117,9,143,12,155,151,8,66.67
683,OKARA,OKARA,KARMAN WALA - FEMALE,39320788,GGES 34/2-L,0,0,0,0,201,212,215,14,201,14,215,212,11,78.57
684,OKARA,OKARA,KARMAN WALA - FEMALE,39320612,GMPS 46/2-L,91,103,100,9,115,123,126,11,206,20,226,226,20,100.00
685,OKARA,OKARA,KARMAN WALA - FEMALE,39320607,GMPS 47/2-L MOMAN WALA,46,47,49,3,65,75,70,5,111,8,119,122,11,137.50
686,OKARA,OKARA,KARMAN WALA - FEMALE,39320787,GGPS 31/2-L BASTI NAWAB WALA,19,19,21,2,17,23,19,2,36,4,40,42,6,150.00
687,OKARA,OKARA,KARMAN WALA - FEMALE,39320605,GGPS SARAI KALASAN,0,0,0,0,126,143,137,11,126,11,137,143,17,154.55
688,OKARA,OKARA,KARMAN WALA - FEMALE,39320608,GGPS 48/2-L,63,69,67,4,91,104,97,6,154,10,164,173,19,190.00
689,OKARA,OKARA,KARMAN WALA - FEMALE,39320604,GGPS 49-A/2.L,60,70,63,3,51,60,54,3,111,6,117,130,19,316.67
690,OKARA,OKARA,KARMAN WALA - MALE,39320370,GPS CHAK 55/2.L,137,119,152,15,37,43,41,4,174,19,193,162,-12,-63.16
691,OKARA,OKARA,KARMAN WALA - MALE,39320373,GPS CHAK 50/2-L,98,92,110,12,6,8,7,1,104,13,117,100,-4,-30.77
692,OKARA,OKARA,KARMAN WALA - MALE,39320358,GPS 48/2-L,14,13,17,3,6,6,7,1,20,4,24,19,-1,-25.00
693,OKARA,OKARA,KARMAN WALA - MALE,39320364,GPS CHAK 34/2-L,114,114,131,17,0,0,0,0,114,17,131,114,0,0.00
694,OKARA,OKARA,KARMAN WALA - MALE,39320372,GES 49/2-L,366,368,406,40,0,0,0,0,366,40,406,368,2,5.00
695,OKARA,OKARA,KARMAN WALA - MALE,39320892,GPS CHAK NO. 31/2-L,58,59,63,5,54,55,59,5,112,10,122,114,2,20.00
696,OKARA,OKARA,KARMAN WALA - MALE,39330394,GPS CHAK NO. 25/2-R DHOLAN SHAH,84,85,91,7,23,25,25,2,107,9,116,110,3,33.33
697,OKARA,OKARA,KARMAN WALA - MALE,39320353,GES 51/2-L,385,396,416,31,0,0,0,0,385,31,416,396,11,35.48
698,OKARA,OKARA,KARMAN WALA - MALE,39320362,GPS SARAI KALASAN,135,140,146,11,0,0,0,0,135,11,146,140,5,45.45
699,OKARA,OKARA,KARMAN WALA - MALE,39320355,GES 53/2-L,604,624,640,36,0,0,0,0,604,36,640,624,20,55.56
700,OKARA,OKARA,KARMAN WALA - MALE,39330393,GPS CHAK NO. 24/2-R,239,261,261,22,0,0,0,0,239,22,261,261,22,100.00
701,OKARA,OKARA,MAROOLA SHARIF-FEMALE,39320597,GGES MAROOLA SHARIF,1,0,1,0,248,241,269,21,249,21,270,241,-8,-38.10
702,OKARA,OKARA,MAROOLA SHARIF-FEMALE,39320743,GGPS NAWAB CHAKAR KAY,18,19,19,1,33,33,36,3,51,4,55,52,1,25.00
703,OKARA,OKARA,MAROOLA SHARIF-FEMALE,39320721,GGPS LAHI ZAREEN,29,30,31,2,35,36,37,2,64,4,68,66,2,50.00
704,OKARA,OKARA,MAROOLA SHARIF-FEMALE,39320596,GGPS SHER KAY BALA,2,4,2,0,70,71,76,6,72,6,78,75,3,50.00
705,OKARA,OKARA,MAROOLA SHARIF-FEMALE,39320739,GGCMS MANGAN,37,41,40,3,67,68,73,6,104,9,113,109,5,55.56
706,OKARA,OKARA,MAROOLA SHARIF-FEMALE,39320752,GGPS CHAK JASSOKEY KALASON,0,0,0,0,128,140,141,13,128,13,141,140,12,92.31
707,OKARA,OKARA,MAROOLA SHARIF-FEMALE,39320746,GGES KOT SULTAN PUR,22,27,23,1,119,121,125,6,141,7,148,148,7,100.00
708,OKARA,OKARA,MAROOLA SHARIF-FEMALE,39320744,GGPS ABADI SHER DAKHLI MANGAN,49,51,52,3,54,58,57,3,103,6,109,109,6,100.00
709,OKARA,OKARA,MAROOLA SHARIF-MALE,39320316,GPS UTHWAL CHAKAR KAY,75,68,80,5,36,29,38,2,111,7,118,97,-14,-200.00
710,OKARA,OKARA,MAROOLA SHARIF-MALE,39320308,GPS JHANDU MAUNG,107,103,113,6,6,10,6,0,113,6,119,113,0,0.00
711,OKARA,OKARA,MAROOLA SHARIF-MALE,39320330,GPS MAROOLA,150,152,172,22,0,0,0,0,150,22,172,152,2,9.09
712,OKARA,OKARA,MAROOLA SHARIF-MALE,39320312,GPS SHER KAY BALA,71,70,76,5,11,13,12,1,82,6,88,83,1,16.67
713,OKARA,OKARA,MAROOLA SHARIF-MALE,39320873,GMMS NAWAB CHAKAR KE,6,8,8,2,4,3,6,2,10,4,14,11,1,25.00
714,OKARA,OKARA,MAROOLA SHARIF-MALE,39320869,GPS THATHA BHARWANA,55,58,59,4,47,50,51,4,102,8,110,108,6,75.00
715,OKARA,OKARA,MAROOLA SHARIF-MALE,39320953,GPS BONGA KHARAK SINGH,87,83,92,5,66,86,70,4,153,9,162,169,16,177.78
716,OKARA,OKARA,OKARA SADAR - FEMALE,39320618,GGPS 5-A/4.L,52,51,55,3,53,54,56,3,105,6,111,105,0,0.00
717,OKARA,OKARA,OKARA SADAR - FEMALE,39320139,GGES 5/4-L,0,0,0,0,1020,1030,1086,66,1020,66,1086,1030,10,15.15
718,OKARA,OKARA,OKARA SADAR - FEMALE,39320961,GGPS MC SINDHO COLONY,76,82,84,8,97,97,107,10,173,18,191,179,6,33.33
719,OKARA,OKARA,OKARA SADAR - FEMALE,39320998,GGPS SABIR PIA TOWN OKARA,74,99,81,7,177,163,195,18,251,25,276,262,11,44.00
720,OKARA,OKARA,OKARA SADAR - FEMALE,39320659,GGPS HUSSAIN COLONY,92,102,100,8,111,112,121,10,203,18,221,214,11,61.11
721,OKARA,OKARA,OKARA SADAR - FEMALE,39321008,GGCMS 1/4-L,83,105,90,7,151,144,165,14,234,21,255,249,15,71.43
722,OKARA,OKARA,OKARA SADAR - FEMALE,39320109,GGES 2/4-L,0,11,0,0,359,376,387,28,359,28,387,387,28,100.00
723,OKARA,OKARA,OKARA SADAR - FEMALE,39320654,GGPS GHAFOOR COLONY OKARA,0,0,0,0,249,270,270,21,249,21,270,270,21,100.00
724,OKARA,OKARA,OKARA SADAR - FEMALE,39320652,GGPS MODEL TOWN,60,66,65,5,68,73,74,6,128,11,139,139,11,100.00
725,OKARA,OKARA,OKARA SADAR - FEMALE,39320653,GMPS BASTI REHMAT PURA,189,212,206,17,216,230,236,20,405,37,442,442,37,100.00
726,OKARA,OKARA,OKARA SADAR - FEMALE,39320999,GGES FAISAL COLONY OKARA,0,0,0,0,485,520,519,34,485,34,519,520,35,102.94
727,OKARA,OKARA,OKARA SADAR - FEMALE,39321033,GGPS QADIR COLONY,0,0,0,0,224,248,247,23,224,23,247,248,24,104.35
728,OKARA,OKARA,OKARA SADAR - MALE,39320384,"GPS AZEEM ABAD , OKARA",164,150,182,18,0,0,0,0,164,18,182,150,-14,-77.78
729,OKARA,OKARA,OKARA SADAR - MALE,39320432,GPS TALEEM-UL-ISLAM,57,50,62,5,28,32,30,2,85,7,92,82,-3,-42.86
730,OKARA,OKARA,OKARA SADAR - MALE,39320400,GPS CHAK NO. 2/4-L,163,158,187,24,0,4,0,0,163,24,187,162,-1,-4.17
731,OKARA,OKARA,OKARA SADAR - MALE,39320967,GPS MC QARI COLONY,157,151,173,16,85,91,94,9,242,25,267,242,0,0.00
732,OKARA,OKARA,OKARA SADAR - MALE,39320965,GES MC LALAZAR COLONY,348,344,365,17,104,109,109,5,452,22,474,453,1,4.55
733,OKARA,OKARA,OKARA SADAR - MALE,39320964,GPS MC GHAZI ABAD,205,211,228,23,0,0,0,0,205,23,228,211,6,26.09
734,OKARA,OKARA,OKARA SADAR - MALE,39320381,GPS SIDDIQUE NAGAR,245,250,268,23,0,1,0,0,245,23,268,251,6,26.09
735,OKARA,OKARA,OKARA SADAR - MALE,39320385,GPS QADIR COLONY OKARA,288,298,322,34,1,1,1,0,289,34,323,299,10,29.41
736,OKARA,OKARA,OKARA SADAR - MALE,39320101,GES CHAK 5/4-L,805,818,838,33,0,1,0,0,805,33,838,819,14,42.42
737,OKARA,OKARA,OKARA SADAR - MALE,39320382,GPS SABRI COLONY,212,222,236,24,0,1,0,0,212,24,236,223,11,45.83
738,OKARA,OKARA,RAVI-FEMALE,39320523,GMPS HAMLANIA,98,98,110,12,94,94,105,11,192,23,215,192,0,0.00
739,OKARA,OKARA,RAVI-FEMALE,39320473,GMPS 30/G.D,88,92,93,5,212,210,223,11,300,16,316,302,2,12.50
740,OKARA,OKARA,RAVI-FEMALE,39320512,GGPS 35/G.D,0,0,0,0,173,178,187,14,173,14,187,178,5,35.71
741,OKARA,OKARA,RAVI-FEMALE,39320112,GGES 34/G.D,76,81,79,3,193,194,202,9,269,12,281,275,6,50.00
742,OKARA,OKARA,RAVI-FEMALE,39320493,GGPS DELO WATTO (RIAZ ABAD),79,73,84,5,84,96,90,6,163,11,174,169,6,54.55
743,OKARA,OKARA,RAVI-FEMALE,39320498,GMPS DHOLI KHICHI,75,79,83,8,81,90,89,8,156,16,172,169,13,81.25
744,OKARA,OKARA,RAVI-FEMALE,39320528,GGPS WAN LAKHA,33,40,35,2,107,108,113,6,140,8,148,148,8,100.00
745,OKARA,OKARA,RAVI-FEMALE,39320688,GMES 49-A/3-R,61,66,63,2,73,84,76,3,134,5,139,150,16,320.00
746,OKARA,OKARA,SECONDARY-WING,39320008,GHSS 27/4-L,740,713,744,4,1,1,1,0,741,4,745,714,-27,-675.00
747,OKARA,OKARA,SECONDARY-WING,39320144,GGHS 23-A/G.D,1,0,1,0,423,350,459,36,424,36,460,350,-74,-205.56
748,OKARA,OKARA,SECONDARY-WING,39320088,GHS CHAK 37/4-L,621,560,671,50,0,2,0,0,621,50,671,562,-59,-118.00
749,OKARA,OKARA,SECONDARY-WING,39320968,GGHS AKBAR OKARA,0,1,0,0,371,359,388,17,371,17,388,360,-11,-64.71
750,OKARA,OKARA,SECONDARY-WING,39320027,GHS CHAK NO. 1/4-L,767,741,819,52,0,0,0,0,767,52,819,742,-25,-48.08
751,OKARA,OKARA,SECONDARY-WING,39320047,GHS 27/G.D,412,409,444,32,0,0,0,0,412,32,444,410,-2,-6.25
752,OKARA,OKARA,SECONDARY-WING,39320067,GGHS SUTLUJ OKARA,2,3,2,0,2926,2910,3286,360,2928,360,3288,2914,-14,-3.89
753,OKARA,OKARA,SECONDARY-WING,39320066,GGHS MODEL OKARA CITY,4,10,5,1,3224,3203,3817,593,3228,594,3822,3218,-10,-1.68
754,OKARA,OKARA,SECONDARY-WING,39320069,GGHS 40/3-R,0,0,0,0,730,729,824,94,730,94,824,730,0,0.00
755,OKARA,OKARA,SECONDARY-WING,39320114,GGHS BAHADAR NAGER FARM,0,0,0,0,536,536,571,35,536,35,571,536,0,0.00
756,OKARA,OKARA,SECONDARY-WING,39320658,GGHS SABRI COLONY,27,35,30,3,743,737,815,72,770,75,845,772,2,2.67
757,OKARA,OKARA,SECONDARY-WING,39321027,GHS PILOT MILITARY FARM,484,483,557,73,0,3,0,0,484,73,557,486,2,2.74
758,OKARA,OKARA,SECONDARY-WING,39320084,GHS BURJ JIWAY KHAN,404,405,436,32,0,0,0,0,404,32,436,405,1,3.13
759,OKARA,OKARA,SECONDARY-WING,39320072,GGHS CHAK NO. 52/2-L,9,19,10,1,923,912,1017,94,932,95,1027,935,3,3.16
760,OKARA,OKARA,SECONDARY-WING,39310007,GHS CHAK NO.34/4-L,346,350,404,58,0,0,0,0,346,58,404,350,4,6.90
761,OKARA,OKARA,SECONDARY-WING,39320075,GGHS MC LADY PARK OKARA,131,139,145,14,985,986,1092,107,1116,121,1237,1125,9,7.44
762,OKARA,OKARA,SECONDARY-WING,39320118,GGHS CHAK NO. 43/G.D,1,5,1,0,399,397,425,26,400,26,426,402,2,7.69
763,OKARA,OKARA,SECONDARY-WING,39320116,GGHS 52/3-R,0,0,0,0,749,753,812,63,749,63,812,754,5,7.94
764,OKARA,OKARA,SECONDARY-WING,39320134,GGHS CHAK NO.44/2-L,0,0,0,0,372,376,412,40,372,40,412,376,4,10.00
765,OKARA,OKARA,SECONDARY-WING,39321025,GGHS ARAZI WADHAVA,0,0,0,0,300,303,328,28,300,28,328,303,3,10.71
766,OKARA,OKARA,SECONDARY-WING,39320059,GHS JANDRAKA,874,885,969,95,0,0,0,0,874,95,969,885,11,11.58
767,OKARA,OKARA,SECONDARY-WING,39320090,GHS CHAK NO. 36/2-L,565,569,599,34,0,0,0,0,565,34,599,569,4,11.76
768,OKARA,OKARA,SECONDARY-WING,39320070,GGHS SADAR GOGERA,20,17,22,2,1536,1556,1659,123,1556,125,1681,1573,17,13.60
769,OKARA,OKARA,SECONDARY-WING,39320007,GHS  21/G.D,534,539,569,35,0,0,0,0,534,35,569,539,5,14.29
770,OKARA,OKARA,SECONDARY-WING,39320022,GHS 7/4-L OKARA,416,419,437,21,0,0,0,0,416,21,437,419,3,14.29
771,OKARA,OKARA,SECONDARY-WING,39320076,GGHS LASHARIAN,2,0,2,0,534,541,567,33,536,33,569,541,5,15.15
772,OKARA,OKARA,SECONDARY-WING,39320068,GGHS MC JUNIOR MODEL OKARA,13,11,16,3,1083,1127,1325,242,1096,245,1341,1138,42,17.14
773,OKARA,OKARA,SECONDARY-WING,39320634,GGHS 40-A/4-L,2,1,2,0,478,488,524,46,480,46,526,489,9,19.57
774,OKARA,OKARA,SECONDARY-WING,39320038,GHS 51/3-R OKARA,570,580,620,50,0,0,0,0,570,50,620,580,10,20.00
775,OKARA,OKARA,SECONDARY-WING,39320156,GGHS JABOKA,1,0,1,0,709,719,751,42,710,42,752,719,9,21.43
776,OKARA,OKARA,SECONDARY-WING,39320071,GGHS CHAK NO. 32/2-L,0,1,0,0,598,613,674,76,598,76,674,615,17,22.37
777,OKARA,OKARA,SECONDARY-WING,39321028,GHS ISLAMIA OKARA CITY,1251,1294,1440,189,0,0,0,0,1251,189,1440,1294,43,22.75
778,OKARA,OKARA,SECONDARY-WING,39330107,GGHS CHAK NO. 24/2-R,0,0,0,0,438,444,464,26,438,26,464,444,6,23.08
779,OKARA,OKARA,SECONDARY-WING,39320023,GHS SUTLUJ OKARA,1223,1248,1326,103,0,0,0,0,1223,103,1326,1248,25,24.27
780,OKARA,OKARA,SECONDARY-WING,39320033,GHS 40-A/4-L,651,669,716,65,0,0,0,0,651,65,716,669,18,27.69
781,OKARA,OKARA,SECONDARY-WING,39330048,GHS CHAK NO. 25/2-R,412,421,443,31,0,0,0,0,412,31,443,421,9,29.03
782,OKARA,OKARA,SECONDARY-WING,39320502,GGHS SHEIKHU SHARIF,0,0,0,0,374,379,390,16,374,16,390,379,5,31.25
783,OKARA,OKARA,SECONDARY-WING,39320010,GHS 34 GD,402,416,444,42,2,2,2,0,404,42,446,418,14,33.33
784,OKARA,OKARA,SECONDARY-WING,39320113,GGHS 38/G.D YOUNG PUR,1,0,1,0,799,817,848,49,800,49,849,817,17,34.69
785,OKARA,OKARA,SECONDARY-WING,39320061,GGHSS CHAK NO.18/G.D,0,0,0,0,747,759,784,37,747,37,784,760,13,35.14
786,OKARA,OKARA,SECONDARY-WING,39320077,GGHS JANDRAKA,0,1,0,0,1177,1203,1251,74,1177,74,1251,1205,28,37.84
787,OKARA,OKARA,SECONDARY-WING,39320037,GHS 43/G.D,370,380,399,29,0,0,0,0,370,29,399,381,11,37.93
788,OKARA,OKARA,SECONDARY-WING,39320955,GGHS MC JUNIOR MODEL KOT AMIR ALI SHAH OKARA,0,0,0,0,725,749,787,62,725,62,787,749,24,38.71
789,OKARA,OKARA,SECONDARY-WING,39320115,GGHS FATEH PUR,0,0,0,0,713,732,762,49,713,49,762,732,19,38.78
790,OKARA,OKARA,SECONDARY-WING,39320097,GHS ASHRAF UL MADARAS,1189,1222,1270,81,0,0,0,0,1189,81,1270,1222,33,40.74
791,OKARA,OKARA,SECONDARY-WING,39320053,GHS BAKHSHU,312,322,335,23,0,0,0,0,312,23,335,322,10,43.48
792,OKARA,OKARA,SECONDARY-WING,39321016,GGHS CHAK NO. 36/2-L,0,0,0,0,424,432,442,18,424,18,442,432,8,44.44
793,OKARA,OKARA,SECONDARY-WING,39320009,GHS FATEH PUR,711,734,761,50,0,0,0,0,711,50,761,734,23,46.00
794,OKARA,OKARA,SECONDARY-WING,39320024,GHS CMR OKARA,634,657,682,48,0,0,0,0,634,48,682,657,23,47.92
795,OKARA,OKARA,SECONDARY-WING,39321015,GGHS CHAK NO. 38/2-RA,3,1,3,0,702,729,748,46,705,46,751,730,25,54.35
796,OKARA,OKARA,SECONDARY-WING,39320002,GHSS 40/3.R OKARA,494,501,505,11,2,1,2,0,496,11,507,502,6,54.55
797,OKARA,OKARA,SECONDARY-WING,39321014,GGHS BURJ JEWAY KHAN,27,25,28,1,290,301,305,15,317,16,333,326,9,56.25
798,OKARA,OKARA,SECONDARY-WING,39320056,GHS JABOKA,514,538,564,50,12,17,13,1,526,51,577,555,29,56.86
799,OKARA,OKARA,SECONDARY-WING,39320166,GGHS 54/2-L,0,0,0,0,1427,1462,1488,61,1427,61,1488,1462,35,57.38
800,OKARA,OKARA,SECONDARY-WING,39320011,GHS 38/G.D YOUNG PUR,412,427,438,26,0,0,0,0,412,26,438,427,15,57.69
801,OKARA,OKARA,SECONDARY-WING,39320021,GHS CHAK NO.32/2-L,509,525,536,27,0,0,0,0,509,27,536,525,16,59.26
802,OKARA,OKARA,SECONDARY-WING,39320042,GHS AKBAR,503,526,540,37,1,0,1,0,504,37,541,526,22,59.46
803,OKARA,OKARA,SECONDARY-WING,39320146,GGHS CHAK NO. 44/G.D,47,59,50,3,253,252,268,15,300,18,318,311,11,61.11
804,OKARA,OKARA,SECONDARY-WING,39320031,GHS CHAK NO. 52/2-L OKARA,698,731,755,57,3,5,3,0,701,57,758,736,35,61.40
805,OKARA,OKARA,SECONDARY-WING,39320026,GHS 44/G.D,231,243,250,19,0,0,0,0,231,19,250,243,12,63.16
806,OKARA,OKARA,SECONDARY-WING,39320111,GGHS 24/G.D,0,0,0,0,530,539,544,14,530,14,544,539,9,64.29
807,OKARA,OKARA,SECONDARY-WING,39320095,GHS SHERKAY ZEREEN,281,273,289,8,22,36,23,1,303,9,312,309,6,66.67
808,OKARA,OKARA,SECONDARY-WING,39320135,GGHS CHAK NO.34/4-L,1,2,1,0,364,395,411,47,365,47,412,397,32,68.09
809,OKARA,OKARA,SECONDARY-WING,39320651,GGHS GHAZI ABAD,7,36,7,0,432,418,454,22,439,22,461,454,15,68.18
810,OKARA,OKARA,SECONDARY-WING,39320074,GGHS 1/4-L,30,39,31,1,973,997,1020,47,1003,48,1051,1036,33,68.75
811,OKARA,OKARA,SECONDARY-WING,39320136,GGHS 4/4-L,78,121,85,7,923,944,1008,85,1001,92,1093,1065,64,69.57
812,OKARA,OKARA,SECONDARY-WING,39320003,GHS SADAR GOGERA,1137,1200,1229,92,0,1,0,0,1137,92,1229,1201,64,69.57
813,OKARA,OKARA,SECONDARY-WING,39330143,GGHS SATGHARA,0,0,0,0,439,458,466,27,439,27,466,458,19,70.37
814,OKARA,OKARA,SECONDARY-WING,39320106,GHS CHAK NO. 14/GD RAZA ABAD,301,320,328,27,0,0,0,0,301,27,328,320,19,70.37
815,OKARA,OKARA,SECONDARY-WING,39320030,GHS 32/2.R-A,414,445,458,44,0,0,0,0,414,44,458,445,31,70.45
816,OKARA,OKARA,SECONDARY-WING,39320045,GHS KOHLA,591,606,612,21,0,0,0,0,591,21,612,606,15,71.43
817,OKARA,OKARA,SECONDARY-WING,39320044,GHS 24/G.D,548,579,591,43,0,0,0,0,548,43,591,579,31,72.09
818,OKARA,OKARA,SECONDARY-WING,39321026,GHS M.C OKARA,2385,2731,2865,480,1,2,1,0,2386,480,2866,2735,349,72.71
819,OKARA,OKARA,SECONDARY-WING,39320141,GGHS 21/G.D,0,0,0,0,590,614,623,33,590,33,623,614,24,72.73
820,OKARA,OKARA,SECONDARY-WING,39320081,GHS SHAREEN,504,531,540,36,1,1,1,0,505,36,541,532,27,75.00
821,OKARA,OKARA,SECONDARY-WING,39320140,GGHS 32/2-R OKARA,0,0,0,0,302,318,323,21,302,21,323,318,16,76.19
822,OKARA,OKARA,SECONDARY-WING,39320019,GHS 12/ G.D,348,374,382,34,0,0,0,0,348,34,382,374,26,76.47
823,OKARA,OKARA,SECONDARY-WING,39320298,GHS CHAK 36/4.L,400,410,413,13,0,0,0,0,400,13,413,410,10,76.92
824,OKARA,OKARA,SECONDARY-WING,39320485,GGHS 42/G.D,0,0,0,0,304,311,313,9,304,9,313,311,7,77.78
825,OKARA,OKARA,SECONDARY-WING,39320100,GHS 48/3-R,602,637,647,45,0,0,0,0,602,45,647,637,35,77.78
826,OKARA,OKARA,SECONDARY-WING,39320020,GHS BAHADUR NAGAR FARM,363,380,383,20,0,0,0,0,363,20,383,380,17,85.00
827,OKARA,OKARA,SECONDARY-WING,39320698,GGHS 22/G.D,1,48,1,0,472,438,487,15,473,15,488,486,13,86.67
828,OKARA,OKARA,SECONDARY-WING,39320159,GGHS KOHLA,2,4,2,0,533,560,566,33,535,33,568,564,29,87.88
829,OKARA,OKARA,SECONDARY-WING,39320080,GHS 40/G.D,203,244,248,45,0,0,0,0,203,45,248,244,41,91.11
830,OKARA,OKARA,SECONDARY-WING,39320091,GHS CHAK 39-A/4L,321,346,339,18,91,87,96,5,412,23,435,433,21,91.30
831,OKARA,OKARA,SECONDARY-WING,39320017,GHS LASHARI,314,340,342,28,0,0,0,0,314,28,342,340,26,92.86
832,OKARA,OKARA,SECONDARY-WING,39320163,GGHS CHAK NO. 14/G.D,0,0,0,0,346,366,367,21,346,21,367,366,20,95.24
833,OKARA,OKARA,SECONDARY-WING,39320169,GGHS CHAK NO. 21/4-L,0,1,0,0,525,551,553,28,525,28,553,552,27,96.43
834,OKARA,OKARA,SECONDARY-WING,39320142,GGHS 48/3-R,0,3,0,0,444,469,473,29,444,29,473,472,28,96.55
835,OKARA,OKARA,SECONDARY-WING,39320012,GHS FARIDIA FAIZ E AAM  MURDANI,350,377,377,27,0,0,0,0,350,27,377,377,27,100.00
836,OKARA,OKARA,SECONDARY-WING,39320082,GHS GOGERA KHAS,385,402,402,17,0,0,0,0,385,17,402,402,17,100.00
837,OKARA,OKARA,SECONDARY-WING,39320966,GHS MC GHAFOOR COLONY OKARA,647,672,672,25,1,1,1,0,648,25,673,673,25,100.00
838,OKARA,OKARA,SECONDARY-WING,39331012,GHS SATGARHA,423,448,448,25,0,0,0,0,423,25,448,448,25,100.00
839,OKARA,OKARA,SECONDARY-WING,39320001,GHSS ISLAMIA NEW CAMPUS,1107,1110,1111,4,0,1,0,0,1107,4,1111,1111,4,100.00
840,OKARA,OKARA,SECONDARY-WING,39320611,GGHS 55/2.L,136,168,141,5,500,493,518,18,636,23,659,661,25,108.70
841,OKARA,OKARA,SECONDARY-WING,39320099,GHS CHAK 44/3-R,265,277,276,11,0,0,0,0,265,11,276,277,12,109.09
842,OKARA,OKARA,SECONDARY-WING,39320043,GHS CHAK NO.12/1-R,262,273,272,10,0,0,0,0,262,10,272,273,11,110.00
843,OKARA,OKARA,SECONDARY-WING,39320293,GHS CHAK 43/4-L,382,401,398,16,0,0,0,0,382,16,398,401,19,118.75
844,OKARA,OKARA,SECONDARY-WING,39320006,GHS CHAK NO. 18/G.D,448,488,482,34,1,2,1,0,449,34,483,490,41,120.59
845,OKARA,OKARA,SECONDARY-WING,39320083,GHS KHUSHI MUHAMMAD 16/GD,276,299,295,19,0,0,0,0,276,19,295,299,23,121.05
846,OKARA,OKARA,SECONDARY-WING,39320431,GGHS JAMIA MADNIA,206,195,209,3,351,373,357,6,557,9,566,568,11,122.22
847,OKARA,OKARA,SECONDARY-WING,39320359,GHS 31/2.L,395,437,429,34,0,0,0,0,395,34,429,437,42,123.53
848,OKARA,OKARA,SECONDARY-WING,39320640,GGHS CHAK NO. 7/4-L,1,1,1,0,336,369,361,25,337,25,362,370,33,132.00
849,OKARA,OKARA,SECONDARY-WING,39320670,GGHS 33/2-RA,349,367,353,4,686,686,695,9,1035,13,1048,1053,18,138.46
850,OKARA,OKARA,SECONDARY-WING,39320092,GHS JOYIA,363,371,367,4,0,0,0,0,363,4,367,371,8,200.00
851,OKARA,OKARA,SECONDARY-WING,39320096,GHS CHAK NO. 54/2-L,668,743,700,32,0,0,0,0,668,32,700,743,75,234.38
852,OKARA,OKARA,SECONDARY-WING,39320087,GHS CHAK 32/4-L,289,298,296,7,0,8,0,0,289,7,296,306,17,242.86
853,OKARA,OKARA,SECONDARY-WING,39321023,GGHS CHAK NO.31/2-L,13,30,13,0,335,347,346,11,348,11,359,377,29,263.64
854,OKARA,OKARA,SECONDARY-WING,39320479,GGHS 40/G.D,4,11,4,0,177,198,187,10,181,10,191,209,28,280.00
855,OKARA,OKARA,SECONDARY-WING,39320155,GGHS 12/G.D,0,0,0,0,290,319,300,10,290,10,300,319,29,290.00
856,OKARA,OKARA,SECONDARY-WING,39320957,GGHSS REHMAN COLONY OKARA,0,0,0,0,749,770,755,6,749,6,755,770,21,350.00
857,OKARA,OKARA,SECONDARY-WING,39320215,GHS CHAK 45/G.D,405,432,409,4,0,0,0,0,405,4,409,432,27,675.00
858,OKARA,OKARA,SECONDARY-WING,39320663,GGHS CHAK NO. 39/3-R,4,0,4,0,698,746,702,4,702,4,706,746,44,1100.00
859,OKARA,OKARA,SHAHBORE - FEMALE,39320626,GGES 36-A/4.L,0,0,0,0,307,299,327,20,307,20,327,299,-8,-40.00
860,OKARA,OKARA,SHAHBORE - FEMALE,39320628,GMPS CHAK NO. 33/4-L,74,74,81,7,102,99,111,9,176,16,192,173,-3,-18.75
861,OKARA,OKARA,SHAHBORE - FEMALE,39320630,GGPS 37-38/4.L,0,0,0,0,125,126,136,11,125,11,136,126,1,9.09
862,OKARA,OKARA,SHAHBORE - FEMALE,39320636,GGES 38/4.L,0,0,0,0,171,176,190,19,171,19,190,176,5,26.32
863,OKARA,OKARA,SHAHBORE - FEMALE,39320648,GGPS 35/4.L,1,2,1,0,172,180,184,12,173,12,185,182,9,75.00
864,OKARA,OKARA,SHAHBORE - FEMALE,39320646,GMPS 41/4-L,72,73,80,8,77,91,85,8,149,16,165,164,15,93.75
865,OKARA,OKARA,SHAHBORE - FEMALE,39320615,GGPS 43/4.L,0,0,0,0,242,261,256,14,242,14,256,261,19,135.71
866,OKARA,OKARA,SHAHBORE - FEMALE,39320649,GGPS 32/4-L,0,0,0,0,147,166,159,12,147,12,159,166,19,158.33
867,OKARA,OKARA,SHAHBORE - FEMALE,39320635,GGPS CHAK NO. 40/4-L,7,11,8,1,43,50,47,4,50,5,55,61,11,220.00
868,OKARA,OKARA,SHAHBORE - MALE,39320303,GPS 37-38/2.L,121,120,131,10,0,0,0,0,121,10,131,120,-1,-10.00
869,OKARA,OKARA,SHAHBORE - MALE,39320279,GPS CHAK NO. 21/4-L,162,162,178,16,0,0,0,0,162,16,178,162,0,0.00
870,OKARA,OKARA,SHAHBORE - MALE,39320089,GES 18/4-L,395,396,451,56,0,0,0,0,395,56,451,396,1,1.79
871,OKARA,OKARA,SHAHBORE - MALE,39320274,GPS CHAK 24/4-L,121,123,131,10,0,0,0,0,121,10,131,123,2,20.00
872,OKARA,OKARA,SHAHBORE - MALE,39320859,GPS 17/4-L OKARA CANTT,46,44,50,4,60,64,65,5,106,9,115,108,2,22.22
873,OKARA,OKARA,SHAHBORE - MALE,39320276,GPS 20/4-L,65,70,68,3,50,50,52,2,115,5,120,120,5,100.00
874,OKARA,OKARA,SHAHBORE - MALE,39320275,GPS CHAK 19/4L,66,68,69,3,55,59,57,2,121,5,126,127,6,120.00
875,OKARA,OKARA,SHAHBORE - MALE,39320282,GPS 23-A/4.L,81,76,89,8,62,85,68,6,143,14,157,161,18,128.57
876,OKARA,OKARA,SHEIKHU SHARIF - FEMALE,39320751,GMPS PIR ALI,155,160,168,13,163,160,177,14,318,27,345,320,2,7.41
877,OKARA,OKARA,SHEIKHU SHARIF - FEMALE,39320480,GGPS 39/G.D,23,30,25,2,77,72,84,7,100,9,109,102,2,22.22
878,OKARA,OKARA,SHEIKHU SHARIF - FEMALE,39320117,GGES 45/G.D OKARA,0,0,0,0,365,373,388,23,365,23,388,373,8,34.78
879,OKARA,OKARA,SHEIKHU SHARIF - FEMALE,39321035,GGPS THATHA MADOO KA,45,46,49,4,47,52,51,4,92,8,100,98,6,75.00
880,OKARA,OKARA,SHEIKHU SHARIF - FEMALE,39320501,GGPS 25/G.D,0,0,0,0,119,129,129,10,119,10,129,129,10,100.00
881,OKARA,OKARA,SHEIKHU SHARIF - FEMALE,39320477,GMPS THATHA GHULAM KAY,56,57,61,5,64,73,69,5,120,10,130,130,10,100.00
882,OKARA,OKARA,SHEIKHU SHARIF - FEMALE,39320504,GGPS ROSHAN KAY DHEERO KAY,46,49,48,2,70,74,73,3,116,5,121,123,7,140.00
883,OKARA,OKARA,SHEIKHU SHARIF - MALE,39320336,GPS NOTHA KHICHI,59,59,67,8,60,63,68,8,119,16,135,122,3,18.75
884,OKARA,OKARA,SHEIKHU SHARIF - MALE,39320183,GES MEERAK,174,180,186,12,1,1,1,0,175,12,187,181,6,50.00
885,OKARA,OKARA,SHEIKHU SHARIF - MALE,39320818,GPS ABADI CHADHRAN,70,73,77,7,54,57,59,5,124,12,136,130,6,50.00
886,OKARA,OKARA,SHEIKHU SHARIF - MALE,39320342,GPS FEROZE,62,65,67,5,68,70,73,5,130,10,140,135,5,50.00
887,OKARA,OKARA,SHEIKHU SHARIF - MALE,39320190,GPS SHEIKHU SHARIF,121,124,127,6,0,0,0,0,121,6,127,124,3,50.00
888,OKARA,OKARA,SHEIKHU SHARIF - MALE,39320884,GES JANDRAKA,310,318,325,15,0,0,0,0,310,15,325,318,8,53.33
889,OKARA,OKARA,SHEIKHU SHARIF - MALE,39320344,GPS 28/G.D,40,46,42,2,65,63,69,4,105,6,111,109,4,66.67
890,OKARA,OKARA,SHEIKHU SHARIF - MALE,39320094,GES TARIQ ABAD,101,110,105,4,0,0,0,0,101,4,105,110,9,225.00
891,OKARA,OKARA,SOUTH CITY - FEMALE,39320958,GGPS MC NO. 4 UNION COMMITTEE,24,8,26,2,36,12,39,3,60,5,65,20,-40,-800.00
892,OKARA,OKARA,SOUTH CITY - FEMALE,39320660,GGPS NEW GARDEN TOWN OKARA,41,32,43,2,69,78,73,4,110,6,116,110,0,0.00
893,OKARA,OKARA,SOUTH CITY - FEMALE,39320138,GGES SIDDIQUE NAGAR OKARA,0,0,0,0,680,695,727,47,680,47,727,695,15,31.91
894,OKARA,OKARA,SOUTH CITY - FEMALE,39320165,GGES 49/2-L,0,0,0,0,487,507,523,36,487,36,523,507,20,55.56
895,OKARA,OKARA,SOUTH CITY - FEMALE,39320613,GGES 51/2.L,20,29,21,1,329,343,353,24,349,25,374,372,23,92.00
896,OKARA,OKARA,SOUTH CITY - FEMALE,39320672,GGPS CHAK NO. 35/2-RA GHOGHIAN WALA,27,28,29,2,28,31,30,2,55,4,59,59,4,100.00
897,OKARA,OKARA,SOUTH CITY - FEMALE,39320666,GGPS DERA BASTI,0,0,0,0,201,223,223,22,201,22,223,223,22,100.00
898,OKARA,OKARA,SOUTH CITY - FEMALE,39320678,GGPS DIL BAGH RAI,51,59,55,4,69,70,74,5,120,9,129,129,9,100.00
899,OKARA,OKARA,SOUTH CITY - FEMALE,39320657,GGPS JALAL KOT OKARA,0,4,0,0,203,219,223,20,203,20,223,223,20,100.00
900,OKARA,OKARA,SOUTH CITY - FEMALE,39320962,GGPS MC ZAFAR COLONY,75,84,82,7,78,83,85,7,153,14,167,167,14,100.00
901,OKARA,OKARA,SOUTH CITY - FEMALE,39320664,GMPS CHAK 36-37/2-RA,156,168,168,12,192,207,206,14,348,26,374,375,27,103.85
902,OKARA,OKARA,SOUTH CITY - FEMALE,39320665,GGES CHAK NO. 35/2-RA,141,153,147,6,217,221,226,9,358,15,373,374,16,106.67
903,OKARA,OKARA,SOUTH CITY - FEMALE,39320655,GGPS FATEH NOOR TOWN,40,69,43,3,134,119,144,10,174,13,187,188,14,107.69
904,OKARA,OKARA,TABROOQ - FEMALE,39320639,GGPS TABROOQ,10,9,12,2,17,13,20,3,27,5,32,22,-5,-100.00
905,OKARA,OKARA,TABROOQ - FEMALE,39320638,GGPS 13/4.L,0,0,0,0,234,240,250,16,234,16,250,240,6,37.50
906,OKARA,OKARA,TABROOQ - FEMALE,39320644,GGPS 25/4.L,2,2,2,0,107,115,115,8,109,8,117,117,8,100.00
907,OKARA,OKARA,TABROOQ - FEMALE,39320629,GGPS 31/4.L,0,0,0,0,119,130,130,11,119,11,130,130,11,100.00
908,OKARA,OKARA,TABROOQ - FEMALE,39321034,GGPS CHAK NO. 28-A/4.L,0,0,0,0,90,97,97,7,90,7,97,97,7,100.00
909,OKARA,OKARA,TABROOQ - FEMALE,39320631,GMPS 29/4.L,70,66,74,4,85,98,90,5,155,9,164,164,9,100.00
910,OKARA,OKARA,TABROOQ - FEMALE,39320619,GMPS CHAK NO. 26/4-L,57,65,62,5,56,58,61,5,113,10,123,123,10,100.00
911,OKARA,OKARA,TABROOQ - FEMALE,39320625,GGPS 30/4.L,0,0,0,0,116,131,130,14,116,14,130,131,15,107.14
912,OKARA,OKARA,TABROOQ - FEMALE,39320620,GGPS 24/4-L,26,33,28,2,81,87,88,7,107,9,116,120,13,144.44
913,OKARA,OKARA,TABROOQ - MALE,39320273,GPS 11/4-L,211,211,236,25,0,0,0,0,211,25,236,211,0,0.00
914,OKARA,OKARA,TABROOQ - MALE,39320278,GPS 15/4.L,153,153,170,17,0,0,0,0,153,17,170,153,0,0.00
915,OKARA,OKARA,TABROOQ - MALE,39320098,GES 42/3.R,151,152,167,16,0,0,0,0,151,16,167,152,1,6.25
916,OKARA,OKARA,TABROOQ - MALE,39320898,GPS ARNUM FARM,36,31,40,4,18,24,20,2,54,6,60,55,1,16.67
917,OKARA,OKARA,TABROOQ - MALE,39320890,GPS ADP KHYBER FARM,26,25,31,5,0,2,0,0,26,5,31,27,1,20.00
918,OKARA,OKARA,TABROOQ - MALE,39320291,GPS 28/4.L,76,72,85,9,46,53,51,5,122,14,136,125,3,21.43
919,OKARA,OKARA,TABROOQ - MALE,39320407,GPS 41/3-R,53,55,61,8,0,0,0,0,53,8,61,55,2,25.00
920,OKARA,OKARA,TABROOQ - MALE,39320300,GPS 25/4.L,107,110,115,8,0,0,0,0,107,8,115,110,3,37.50
921,OKARA,OKARA,TABROOQ - MALE,39320283,GPS 28-A/4.L,126,130,135,9,0,0,0,0,126,9,135,130,4,44.44
922,OKARA,RENALA KHURD,4/GD - FEMALE,39330735,GGPS RUSTAM HAMID,18,24,19,1,104,98,112,8,122,9,131,122,0,0.00
923,OKARA,RENALA KHURD,4/GD - FEMALE,39330768,GGES CHAK NO. 9/1-R,6,9,6,0,209,207,220,11,215,11,226,216,1,9.09
924,OKARA,RENALA KHURD,4/GD - FEMALE,39330767,GGPS CHAK NO. 5/G.D,0,0,0,0,105,110,116,11,105,11,116,110,5,45.45
925,OKARA,RENALA KHURD,4/GD - FEMALE,39330589,GGCMS KAMMAN,0,0,0,0,112,119,125,13,112,13,125,119,7,53.85
926,OKARA,RENALA KHURD,4/GD - FEMALE,39330598,GGPS 3/G.D,58,62,60,2,77,77,80,3,135,5,140,139,4,80.00
927,OKARA,RENALA KHURD,4/GD - FEMALE,39330593,GGPS SAKHI ABDAL 1-A/G.D,34,35,36,2,67,70,70,3,101,5,106,105,4,80.00
928,OKARA,RENALA KHURD,4/GD - FEMALE,39330769,GGPS CHAK NO.10/1-R,0,0,0,0,143,153,151,8,143,8,151,153,10,125.00
929,OKARA,RENALA KHURD,4/GD - FEMALE,39330734,GGES 7/1-R CHUGATA,19,25,20,1,181,187,189,8,200,9,209,212,12,133.33
930,OKARA,RENALA KHURD,4/GD - FEMALE,39330590,GGCMS CHAK NO. 8/1-RA,75,87,80,5,125,158,133,8,200,13,213,245,45,346.15
931,OKARA,RENALA KHURD,4/GD - MALE,39330455,GPS CHAK 6/1-R,94,87,103,9,21,28,23,2,115,11,126,115,0,0.00
932,OKARA,RENALA KHURD,4/GD - MALE,39330414,GPS CHAK NO. 14/1-RB,151,154,166,15,0,0,0,0,151,15,166,154,3,20.00
933,OKARA,RENALA KHURD,4/GD - MALE,39330454,GPS DHULYANA,81,72,89,8,20,32,22,2,101,10,111,104,3,30.00
934,OKARA,RENALA KHURD,4/GD - MALE,39330440,GPS CHAK NO. 9/1-R,157,154,171,14,8,16,9,1,165,15,180,170,5,33.33
935,OKARA,RENALA KHURD,4/GD - MALE,39330443,GPS CHAK NO.13/1-RA,160,168,174,14,2,2,2,0,162,14,176,170,8,57.14
936,OKARA,RENALA KHURD,4/GD - MALE,39330436,GES 1/1-RA,143,150,154,11,2,2,2,0,145,11,156,152,7,63.64
937,OKARA,RENALA KHURD,4/GD - MALE,39330105,GES CHAK NO. 3/1-RA,215,227,237,22,0,4,0,0,215,22,237,231,16,72.73
938,OKARA,RENALA KHURD,4/GD - MALE,39330444,GPS CHAK NO. 10/1-R,102,98,106,4,48,57,50,2,150,6,156,155,5,83.33
939,OKARA,RENALA KHURD,AKHTAR ABAD - FEMALE,39330587,GGCMES 14/1-AL,1,6,1,0,322,303,344,22,323,22,345,310,-13,-59.09
940,OKARA,RENALA KHURD,AKHTAR ABAD - FEMALE,39330551,GGES CHAK 4/1-AL KALAN,73,64,80,7,272,266,296,24,345,31,376,330,-15,-48.39
941,OKARA,RENALA KHURD,AKHTAR ABAD - FEMALE,39330557,GGPS 13-1AL,28,35,30,2,197,190,209,12,225,14,239,225,0,0.00
942,OKARA,RENALA KHURD,AKHTAR ABAD - FEMALE,39330556,GGES 10/1-AL,0,1,0,0,238,240,260,22,238,22,260,241,3,13.64
943,OKARA,RENALA KHURD,AKHTAR ABAD - FEMALE,39330588,GGCMES 6-1AL,1,1,1,0,413,417,439,26,414,26,440,418,4,15.38
944,OKARA,RENALA KHURD,AKHTAR ABAD - FEMALE,39330549,GGES CHAK 1-1AL,17,21,18,1,299,297,315,16,316,17,333,319,3,17.65
945,OKARA,RENALA KHURD,AKHTAR ABAD - FEMALE,39330559,GGCMS 17/1-AL,40,45,42,2,217,215,230,13,257,15,272,260,3,20.00
946,OKARA,RENALA KHURD,AKHTAR ABAD - FEMALE,39330555,GGPS 9-1AL KHURD,53,58,56,3,65,62,69,4,118,7,125,120,2,28.57
947,OKARA,RENALA KHURD,AKHTAR ABAD - FEMALE,39331010,GGCMS 34/1A L,24,32,26,2,151,149,161,10,175,12,187,181,6,50.00
948,OKARA,RENALA KHURD,AKHTAR ABAD - FEMALE,39330553,GGPS 5-1AL,31,32,33,2,125,130,133,8,156,10,166,162,6,60.00
949,OKARA,RENALA KHURD,AKHTAR ABAD - FEMALE,39330550,GGPS 3-1AL,18,20,19,1,144,156,153,9,162,10,172,176,14,140.00
950,OKARA,RENALA KHURD,AKHTAR ABAD - MALE,39330246,GPS CHAK 12/1-AL,233,222,245,12,75,86,79,4,308,16,324,308,0,0.00
951,OKARA,RENALA KHURD,AKHTAR ABAD - MALE,39330249,GPS CHAK NO 15/1-AL,153,154,168,15,0,0,0,0,153,15,168,154,1,6.67
952,OKARA,RENALA KHURD,AKHTAR ABAD - MALE,39330266,GPS CHAK 20/2.L,163,162,180,17,47,51,52,5,210,22,232,213,3,13.64
953,OKARA,RENALA KHURD,AKHTAR ABAD - MALE,39330248,GPS CHAK NO. 14/1-AL,279,274,301,22,1,10,1,0,280,22,302,284,4,18.18
954,OKARA,RENALA KHURD,AKHTAR ABAD - MALE,39330258,GPS  8-1/A.L ,246,251,265,19,0,0,0,0,246,19,265,251,5,26.32
955,OKARA,RENALA KHURD,AKHTAR ABAD - MALE,39330261,GPS CHAK NO 30/1.AL,127,125,138,11,44,52,48,4,171,15,186,177,6,40.00
956,OKARA,RENALA KHURD,AKHTAR ABAD - MALE,39330085,GES CHAK NO. 16/1-AL,302,319,328,26,0,0,0,0,302,26,328,319,17,65.38
957,OKARA,RENALA KHURD,AKHTAR ABAD - MALE,39330270,GPS CHAK NO. 6/1-L,74,80,81,7,56,60,62,6,130,13,143,140,10,76.92
958,OKARA,RENALA KHURD,AKHTAR ABAD - MALE,39330235,GES CHAK 34/1-AL,157,166,166,9,21,22,22,1,178,10,188,188,10,100.00
959,OKARA,RENALA KHURD,AKHTAR ABAD - MALE,39330243,GPS CHAK 3/1-AL,121,124,128,7,15,20,16,1,136,8,144,144,8,100.00
960,OKARA,RENALA KHURD,AKHTAR ABAD - MALE,39330247,GPS CHAK NO 13/1.AL ,124,130,133,9,6,9,6,0,130,9,139,139,9,100.00
961,OKARA,RENALA KHURD,AKHTAR ABAD - MALE,39330233,GPS CHAK NO. 19/1-AL,241,258,255,14,0,0,0,0,241,14,255,258,17,121.43
962,OKARA,RENALA KHURD,BAMA BALA-FEMALE,39330761,GGPS HAYAT PUR,39,38,41,2,71,66,75,4,110,6,116,104,-6,-100.00
963,OKARA,RENALA KHURD,BAMA BALA-FEMALE,39330753,GGES CHUCHAK,0,0,0,0,236,239,257,21,236,21,257,239,3,14.29
964,OKARA,RENALA KHURD,BAMA BALA-FEMALE,39330762,GGPS TATAR,0,0,0,0,138,140,151,13,138,13,151,140,2,15.38
965,OKARA,RENALA KHURD,BAMA BALA-FEMALE,39330759,GMPS CHAK BAZEEDA,62,58,65,3,119,129,126,7,181,10,191,187,6,60.00
966,OKARA,RENALA KHURD,BAMA BALA-FEMALE,39330716,GMPS MONI WALA,48,55,50,2,57,54,60,3,105,5,110,109,4,80.00
967,OKARA,RENALA KHURD,BAMA BALA-FEMALE,39330764,GGPS CHAK FAZAL WALA,9,15,10,1,147,151,155,8,156,9,165,166,10,111.11
968,OKARA,RENALA KHURD,BAMA BALA-FEMALE,39330758,GGPS CHAK NO.1/GD DARBAR GUL,55,56,58,3,67,74,71,4,122,7,129,130,8,114.29
969,OKARA,RENALA KHURD,BAMA BALA-MALE,39330327,GPS CHOKI MAJHIANA,103,100,111,8,0,0,0,0,103,8,111,100,-3,-37.50
970,OKARA,RENALA KHURD,BAMA BALA-MALE,39330458,GPS CHAK NO. 4 KM ,106,104,116,10,0,2,0,0,106,10,116,106,0,0.00
971,OKARA,RENALA KHURD,BAMA BALA-MALE,39330325,GPS CHAK NO 5/GD,111,116,123,12,0,0,0,0,111,12,123,116,5,41.67
972,OKARA,RENALA KHURD,BAMA BALA-MALE,39330093,GES CHAK 9 GD,110,121,121,11,0,0,0,0,110,11,121,121,11,100.00
973,OKARA,RENALA KHURD,BAMA BALA-MALE,39330104,GES ISLAM PUR,197,211,211,14,0,0,0,0,197,14,211,211,14,100.00
974,OKARA,RENALA KHURD,BAMA BALA-MALE,39330321,GPS CHAK 7/GD,92,96,99,7,15,19,16,1,107,8,115,115,8,100.00
975,OKARA,RENALA KHURD,CHUCHAK - MALE,39330461,GPS HAYAT PUR,75,74,79,4,33,34,35,2,108,6,114,108,0,0.00
976,OKARA,RENALA KHURD,CHUCHAK - MALE,39330946,GPS CHAK 2-A/GD,66,64,72,6,54,61,59,5,120,11,131,125,5,45.45
977,OKARA,RENALA KHURD,CHUCHAK - MALE,39330332,GPS GUBBA FAZIL,90,92,96,6,22,24,24,2,112,8,120,116,4,50.00
978,OKARA,RENALA KHURD,CHUCHAK - MALE,39330319,GPS FAZIL WALA,93,93,99,6,12,16,13,1,105,7,112,109,4,57.14
979,OKARA,RENALA KHURD,CHUCHAK - MALE,39330334,GPS MEHLO KEY,109,113,116,7,0,0,0,0,109,7,116,113,4,57.14
980,OKARA,RENALA KHURD,CHUCHAK - MALE,39330103,GES MITHA BHATTI,165,172,175,10,25,30,27,2,190,12,202,202,12,100.00
981,OKARA,RENALA KHURD,CHUCHAK - MALE,39330881,GPS MOPAL KEY,87,91,95,8,60,69,65,5,147,13,160,160,13,100.00
982,OKARA,RENALA KHURD,CHUCHAK - MALE,39330331,GPS TATAR,161,176,176,15,1,1,1,0,162,15,177,177,15,100.00
983,OKARA,RENALA KHURD,CHUCHAK - MALE,39330464,GPS THATHI KALSAN,59,58,62,3,50,57,53,3,109,6,115,115,6,100.00
984,OKARA,RENALA KHURD,KISAN-FEMALE,39330578,GGES 11/1-L,56,47,59,3,193,177,204,11,249,14,263,224,-25,-178.57
985,OKARA,RENALA KHURD,KISAN-FEMALE,39330579,GGCMS CHAK NO. 15/1-L,1,6,1,0,186,178,204,18,187,18,205,185,-2,-11.11
986,OKARA,RENALA KHURD,KISAN-FEMALE,39330576,GGPS 8/1L,6,7,7,1,107,105,120,13,113,14,127,112,-1,-7.14
987,OKARA,RENALA KHURD,KISAN-FEMALE,39330573,GGPS 5-1L,14,21,16,2,55,49,62,7,69,9,78,70,1,11.11
988,OKARA,RENALA KHURD,KISAN-FEMALE,39330577,GGCMES CHAK NO. 9/1-L,78,82,83,5,278,277,297,19,356,24,380,359,3,12.50
989,OKARA,RENALA KHURD,KISAN-FEMALE,39330572,GGPS 3-1L,4,14,4,0,178,171,195,17,182,17,199,185,3,17.65
990,OKARA,RENALA KHURD,KISAN-FEMALE,39330581,GGPS 17-1L,8,9,9,1,168,170,180,12,176,13,189,179,3,23.08
991,OKARA,RENALA KHURD,KISAN-FEMALE,39320609,GGES CHAK NO. 27/2-L,0,0,0,0,330,340,347,17,330,17,347,340,10,58.82
992,OKARA,RENALA KHURD,KISAN-FEMALE,39330575,GGPS 7-1L,0,0,0,0,145,153,158,13,145,13,158,153,8,61.54
993,OKARA,RENALA KHURD,KISAN-FEMALE,39320610,GMPS 26 2L,81,83,88,7,145,157,158,13,226,20,246,240,14,70.00
994,OKARA,RENALA KHURD,KISAN-FEMALE,39330128,GGES 13/1-L,24,35,25,1,229,233,243,14,253,15,268,268,15,100.00
995,OKARA,RENALA KHURD,KISAN-FEMALE,39330783,GGES 28/2L,0,13,0,0,305,308,321,16,305,16,321,321,16,100.00
996,OKARA,RENALA KHURD,KISAN-FEMALE,39330126,GGES CHAK NO. 4/1-L,24,30,25,1,225,232,236,11,249,12,261,262,13,108.33
997,OKARA,RENALA KHURD,PULL JORIAN - MALE,39330263,GPS CHAK 9/I.L,61,56,70,9,22,7,25,3,83,12,95,63,-20,-166.67
998,OKARA,RENALA KHURD,PULL JORIAN - MALE,39330268,GPS CHAK 3/1-L,101,107,111,10,3,1,3,0,104,10,114,108,4,40.00
999,OKARA,RENALA KHURD,PULL JORIAN - MALE,39330253,GPS CHAK NO 13/1L,164,171,177,13,0,0,0,0,164,13,177,171,7,53.851000,OKARA,RENALA KHURD,PULL JORIAN - MALE,39330269,GPS CHAK NO. 5/1-L,196,198,209,13,120,131,128,8,316,21,337,329,13,61.90
1001,OKARA,RENALA KHURD,PULL JORIAN - MALE,39330254,GPS CHAK NO 14/1L,205,220,226,21,0,0,0,0,205,21,226,220,15,71.43
1002,OKARA,RENALA KHURD,PULL JORIAN - MALE,39330086,GES 32/1-AL,201,210,213,12,0,0,0,0,201,12,213,210,9,75.00
1003,OKARA,RENALA KHURD,PULL JORIAN - MALE,39330265,GPS CHAK 11/IL,61,72,73,12,0,0,0,0,61,12,73,72,11,91.67
1004,OKARA,RENALA KHURD,PULL JORIAN - MALE,39330264,GPS CHAK NO.10/1-L,113,124,125,12,17,20,19,2,130,14,144,144,14,100.00
1005,OKARA,RENALA KHURD,PULL JORIAN - MALE,39320369,GES CHAK NO 27/2-L,301,311,310,9,0,0,0,0,301,9,310,311,10,111.11
1006,OKARA,RENALA KHURD,RENALA KHURD - FEMALE,39331009,GGCMS 18/1-L,0,10,0,0,590,523,624,34,590,34,624,534,-56,-164.71
1007,OKARA,RENALA KHURD,RENALA KHURD - FEMALE,39330545,GGPS GULZAR E MUSTAFA,46,45,50,4,65,70,71,6,111,10,121,115,4,40.00
1008,OKARA,RENALA KHURD,RENALA KHURD - FEMALE,39330728,GGPS CHAK NO. 20/1-RB,84,87,89,5,93,95,99,6,177,11,188,182,5,45.45
1009,OKARA,RENALA KHURD,RENALA KHURD - FEMALE,39330547,GGPS BASTI HAZOOR RENALA KHURD,109,110,117,8,112,119,120,8,221,16,237,229,8,50.00
1010,OKARA,RENALA KHURD,RENALA KHURD - FEMALE,39330546,GGES BASTI RAHIM BAKHSH,2,3,2,0,403,426,438,35,405,35,440,429,24,68.57
1011,OKARA,RENALA KHURD,RENALA KHURD - FEMALE,39330123,GGES CHAK NO. 19/1-L,60,61,63,3,159,168,166,7,219,10,229,229,10,100.00
1012,OKARA,RENALA KHURD,RENALA KHURD - FEMALE,39330662,GGPS CHAK NO. 22/1-RB,55,59,60,5,56,63,62,6,111,11,122,122,11,100.00
1013,OKARA,RENALA KHURD,RENALA KHURD - FEMALE,39330548,GMPS 20 A-2L  (ALEEM TOWN),171,185,182,11,209,220,223,14,380,25,405,405,25,100.00
1014,OKARA,RENALA KHURD,RENALA KHURD - FEMALE,39320774,GGPS CHAK NO.14-A/1R HAIDER PURA,0,0,0,0,233,257,252,19,233,19,252,257,24,126.32
1015,OKARA,RENALA KHURD,RENALA KHURD - FEMALE,39330685,GGPS CHAK NO. 23/1-RB,0,0,0,0,124,136,133,9,124,9,133,136,12,133.33
1016,OKARA,RENALA KHURD,RENALA KHURD - MALE,39330252,GPS CHAK NO 19/1L,79,70,84,5,25,24,27,2,104,7,111,94,-10,-142.86
1017,OKARA,RENALA KHURD,RENALA KHURD - MALE,39330112,GES CHAK 18/1-L ,425,424,455,30,0,0,0,0,425,30,455,424,-1,-3.33
1018,OKARA,RENALA KHURD,RENALA KHURD - MALE,39330229,GPS ANWAR SHAHEED COLONY,426,426,479,53,0,0,0,0,426,53,479,426,0,0.00
1019,OKARA,RENALA KHURD,RENALA KHURD - MALE,39330251,GPS CHAK 17/1-L,164,164,188,24,0,0,0,0,164,24,188,164,0,0.00
1020,OKARA,RENALA KHURD,RENALA KHURD - MALE,39330267,GPS CHAK 21 2L,169,155,187,18,40,54,44,4,209,22,231,209,0,0.00
1021,OKARA,RENALA KHURD,RENALA KHURD - MALE,39330230,GPS MUSLIM TOWN RENALA KHURD,88,83,98,10,27,32,30,3,115,13,128,115,0,0.00
1022,OKARA,RENALA KHURD,RENALA KHURD - MALE,39320367,GPS CHAK NO. 24/2-L,220,223,245,25,0,0,0,0,220,25,245,223,3,12.00
1023,OKARA,RENALA KHURD,RENALA KHURD - MALE,39330255,GPS CHAK NO. 15/1-L,149,151,174,25,2,7,2,0,151,25,176,158,7,28.00
1024,OKARA,RENALA KHURD,RENALA KHURD - MALE,39330228,GPS BASTI RAHIM BUKHSH RENALA KHURD,299,313,329,30,0,0,0,0,299,30,329,313,14,46.67
1025,OKARA,RENALA KHURD,RENALA KHURD - MALE,39330411,GPS CHAK NO. 21/1-RB,93,98,103,10,23,29,25,2,116,12,128,127,11,91.67
1026,OKARA,RENALA KHURD,RENALA KHURD - MALE,39330256,GPS CHAK NO 16/1L,162,167,177,15,3,13,3,0,165,15,180,180,15,100.00
1027,OKARA,RENALA KHURD,RENALA KHURD - MALE,39330413,GPS CHAK NO. 23/1-RB,103,111,111,8,0,0,0,0,103,8,111,111,8,100.00
1028,OKARA,RENALA KHURD,SECONDARY-WING,39330039,GHS 4/1.L,333,310,363,30,0,0,0,0,333,30,363,310,-23,-76.67
1029,OKARA,RENALA KHURD,SECONDARY-WING,39330132,GGHS RENALA CITY,2,3,2,0,875,820,965,90,877,90,967,824,-53,-58.89
1030,OKARA,RENALA KHURD,SECONDARY-WING,39330064,GGHS CHAK NO. 4/1-RA,0,0,0,0,560,560,598,38,560,38,598,560,0,0.00
1031,OKARA,RENALA KHURD,SECONDARY-WING,39330013,GHS MILLAT RENALA KHURD G T ROAD,800,801,931,131,0,0,0,0,800,131,931,801,1,0.76
1032,OKARA,RENALA KHURD,SECONDARY-WING,39330271,GHS CHAK NO 7/1.L,303,304,328,25,0,0,0,0,303,25,328,304,1,4.00
1033,OKARA,RENALA KHURD,SECONDARY-WING,39330119,GGHS ANWAR SHAHEED COLONY,0,0,0,0,822,824,867,45,822,45,867,824,2,4.44
1034,OKARA,RENALA KHURD,SECONDARY-WING,39330125,GGHS 12/1-AL,62,72,67,5,455,449,495,40,517,45,562,521,4,8.89
1035,OKARA,RENALA KHURD,SECONDARY-WING,39330050,GHS 33/1.AL OKARA,207,209,236,29,0,1,0,0,207,29,236,210,3,10.34
1036,OKARA,RENALA KHURD,SECONDARY-WING,39330130,GGHS CHAK NO. 14/1-L,0,0,0,0,454,457,476,22,454,22,476,457,3,13.64
1037,OKARA,RENALA KHURD,SECONDARY-WING,39330062,GGHS CHAK NO.12/1-L,15,42,17,2,508,494,578,70,523,72,595,536,13,18.06
1038,OKARA,RENALA KHURD,SECONDARY-WING,39330046,GHS AJIT SAR,260,265,287,27,0,0,0,0,260,27,287,265,5,18.52
1039,OKARA,RENALA KHURD,SECONDARY-WING,39330157,GGHS CHAK NO. 5-1/RA,0,0,0,0,665,671,697,32,665,32,697,671,6,18.75
1040,OKARA,RENALA KHURD,SECONDARY-WING,39330063,GGHS CHAK NO. 7/1-AL OKARA,53,47,57,4,591,608,631,40,644,44,688,655,11,25.00
1041,OKARA,RENALA KHURD,SECONDARY-WING,39330060,GHS 4/G.D,447,455,507,60,3,10,3,0,450,60,510,465,15,25.00
1042,OKARA,RENALA KHURD,SECONDARY-WING,39330127,GGHS 11-1AL,62,70,66,4,275,273,292,17,337,21,358,343,6,28.57
1043,OKARA,RENALA KHURD,SECONDARY-WING,39330554,GGHS 8-1/AL,0,0,0,0,304,310,325,21,304,21,325,310,6,28.57
1044,OKARA,RENALA KHURD,SECONDARY-WING,39330014,GHS MODEL RENALA KHURD,1053,1083,1150,97,0,0,0,0,1053,97,1150,1083,30,30.93
1045,OKARA,RENALA KHURD,SECONDARY-WING,39330052,GHS CHAK NO.28/2-L OKARA,263,268,277,14,0,0,0,0,263,14,277,268,5,35.71
1046,OKARA,RENALA KHURD,SECONDARY-WING,39330120,GGHS MC MUSLIM TOWN RENALA KHURD,29,41,32,3,777,796,856,79,806,82,888,837,31,37.80
1047,OKARA,RENALA KHURD,SECONDARY-WING,39330015,GHS 12 1L OKARA,410,433,470,60,0,0,0,0,410,60,470,433,23,38.33
1048,OKARA,RENALA KHURD,SECONDARY-WING,39330055,GHS CHUCHAK,833,871,932,99,0,0,0,0,833,99,932,871,38,38.38
1049,OKARA,RENALA KHURD,SECONDARY-WING,39330158,GGHS MUPAL KAY,1,2,1,0,437,450,475,38,438,38,476,453,15,39.47
1050,OKARA,RENALA KHURD,SECONDARY-WING,39330151,GGHS CHAK NO.9/GD,36,41,39,3,214,217,231,17,250,20,270,258,8,40.00
1051,OKARA,RENALA KHURD,SECONDARY-WING,39330580,GGHS 16/1-L,15,16,16,1,620,636,658,38,635,39,674,652,17,43.59
1052,OKARA,RENALA KHURD,SECONDARY-WING,39330129,GGHS CHAK NO.10/1L,52,65,56,4,424,426,454,30,476,34,510,491,15,44.12
1053,OKARA,RENALA KHURD,SECONDARY-WING,39330121,GGHS 2/1-AL,53,74,55,2,571,562,595,24,624,26,650,636,12,46.15
1054,OKARA,RENALA KHURD,SECONDARY-WING,39330032,GHSS CHAK NO. 9/1-AL AKHTAR ABAD,669,685,703,34,0,0,0,0,669,34,703,685,16,47.06
1055,OKARA,RENALA KHURD,SECONDARY-WING,39320122,GGHS CHAK NO.23/2-L,0,0,0,0,500,511,523,23,500,23,523,511,11,47.83
1056,OKARA,RENALA KHURD,SECONDARY-WING,39330073,GGHSS BAMABALA,3,3,3,0,405,407,409,4,408,4,412,410,2,50.00
1057,OKARA,RENALA KHURD,SECONDARY-WING,39330150,GGHS 1/1-RA RENALA KHURD,41,62,43,2,379,367,394,15,420,17,437,429,9,52.94
1058,OKARA,RENALA KHURD,SECONDARY-WING,39330152,GGHS L-PLOT FOUJIAN,0,0,0,0,524,540,553,29,524,29,553,540,16,55.17
1059,OKARA,RENALA KHURD,SECONDARY-WING,39330729,GGHS CHAK NO.3/1RA,54,71,56,2,345,337,359,14,399,16,415,408,9,56.25
1060,OKARA,RENALA KHURD,SECONDARY-WING,39330586,GGHS CHAK 20/2-L,7,16,7,0,483,488,507,24,490,24,514,504,14,58.33
1061,OKARA,RENALA KHURD,SECONDARY-WING,39330131,GGHS 16/1-AL,0,1,0,0,396,402,407,11,396,11,407,403,7,63.64
1062,OKARA,RENALA KHURD,SECONDARY-WING,39330038,GHS CHAK NO. 2/1-AL ,399,382,408,9,17,40,17,0,416,9,425,422,6,66.67
1063,OKARA,RENALA KHURD,SECONDARY-WING,39330003,GGHSS RENALA KHURD,0,0,0,0,740,812,844,104,740,104,844,812,72,69.23
1064,OKARA,RENALA KHURD,SECONDARY-WING,39331002,GGHS  2/1-L,72,86,75,3,334,334,349,15,406,18,424,420,14,77.78
1065,OKARA,RENALA KHURD,SECONDARY-WING,39330001,GHSS RENALA KHURD,743,791,800,57,1,2,1,0,744,57,801,793,49,85.96
1066,OKARA,RENALA KHURD,SECONDARY-WING,39330051,GHS 7/1-AL OKARA,377,397,401,24,1,2,1,0,378,24,402,399,21,87.50
1067,OKARA,RENALA KHURD,SECONDARY-WING,39330148,GGHS MITTHA KALOWAL,52,69,55,3,310,315,331,21,362,24,386,384,22,91.67
1068,OKARA,RENALA KHURD,SECONDARY-WING,39330040,GHS 2 1-L,390,402,411,21,14,23,15,1,404,22,426,425,21,95.45
1069,OKARA,RENALA KHURD,SECONDARY-WING,39330583,GGHS 21/2-L,35,50,37,2,436,446,459,23,471,25,496,496,25,100.00
1070,OKARA,RENALA KHURD,SECONDARY-WING,39320137,GGHS CHAK NO. 24/2.L,0,0,0,0,496,520,520,24,496,24,520,520,24,100.00
1071,OKARA,RENALA KHURD,SECONDARY-WING,39330153,NADEEM TANVEER SHAHEED GGHSS CHAK NO.4-GD,16,22,16,0,460,468,474,14,476,14,490,490,14,100.00
1072,OKARA,RENALA KHURD,SECONDARY-WING,39330016,GHS CHAK NO 20-1AL,504,537,537,33,0,1,0,0,504,33,537,538,34,103.03
1073,OKARA,RENALA KHURD,SECONDARY-WING,39330124,GGHS 33-1 AL,42,47,44,2,254,264,266,12,296,14,310,311,15,107.14
1074,OKARA,RENALA KHURD,SECONDARY-WING,39330057,GHSS BAMA BALA,327,352,350,23,0,0,0,0,327,23,350,352,25,108.70
1075,OKARA,RENALA KHURD,SECONDARY-WING,39330041,GHS CHAK 8/1-L,386,407,405,19,1,1,1,0,387,19,406,408,21,110.53
1076,OKARA,RENALA KHURD,SECONDARY-WING,39331019,GHS CHAK 10/1-AL,242,249,248,6,0,0,0,0,242,6,248,249,7,116.67
1077,OKARA,RENALA KHURD,SECONDARY-WING,39330438,GHS CHAK NO. 5/1-RA,306,319,316,10,1,0,1,0,307,10,317,319,12,120.00
1078,OKARA,RENALA KHURD,SECONDARY-WING,39330058,GHS L  PLOT FOUJIAN,410,425,422,12,0,0,0,0,410,12,422,425,15,125.00
1079,OKARA,RENALA KHURD,SECONDARY-WING,39330036,GHS CHAK NO. 4/1-RA,322,342,337,15,1,0,1,0,323,15,338,342,19,126.67
1080,OKARA,RENALA KHURD,SECONDARY-WING,39331020,GHS 11/1-AL,229,237,234,5,71,72,73,2,300,7,307,309,9,128.57
1081,OKARA,RENALA KHURD,SECONDARY-WING,39330018,GHS KAMMAN,303,328,322,19,0,0,0,0,303,19,322,328,25,131.58
1082,OKARA,RENALA KHURD,SECONDARY-WING,39330164,GGHS ISLAM PUR,0,0,0,0,367,375,373,6,367,6,373,375,8,133.33
1083,OKARA,RENALA KHURD,SECONDARY-WING,39330028,GHS MOPALKAY,399,426,414,15,0,0,0,0,399,15,414,426,27,180.00
1084,OKARA,RENALA KHURD,SECONDARY-WING,39330154,GGHS CHAK NO.13/1R,1,0,1,0,264,276,270,6,265,6,271,276,11,183.33
1085,OKARA,RENALA KHURD,SECONDARY-WING,39330029,GHS K PLOT ,215,232,223,8,1,1,1,0,216,8,224,233,17,212.50
1086,OKARA,RENALA KHURD,SECONDARY-WING,39330054,GHS 7-1R FAUJIAN,210,231,218,8,23,22,24,1,233,9,242,253,20,222.22
1087,OKARA,RENALA KHURD,SECONDARY-WING,39321021,GHS CHAK 23/2-L,439,476,455,16,0,0,0,0,439,16,455,476,37,231.25
1088,OKARA,RENALA KHURD,SECONDARY-WING,39330065,GGHSS 9/1-AL AKHTAR ABAD,50,59,53,3,939,1077,996,57,989,60,1049,1136,147,245.00
1089,OKARA,RENALA KHURD,SECONDARY-WING,39330133,GGHS 20/1-AL,0,2,0,0,328,340,332,4,328,4,332,342,14,350.00
1090,OKARA,RENALA KHURD,VICTORIA FORM -FEMALE,39330591,GMPS 31/1-AL,91,69,98,7,91,86,98,7,182,14,196,155,-27,-192.86
1091,OKARA,RENALA KHURD,VICTORIA FORM -FEMALE,39330569,GGPS 30 1AL FARM,34,37,36,2,68,65,73,5,102,7,109,102,0,0.00
1092,OKARA,RENALA KHURD,VICTORIA FORM -FEMALE,39330560,GGES 18 1-AL,70,69,72,2,181,189,186,5,251,7,258,258,7,100.00
1093,OKARA,RENALA KHURD,VICTORIA FORM -FEMALE,39330562,GGPS 23-1AL,0,0,0,0,107,114,114,7,107,7,114,114,7,100.00
1094,OKARA,RENALA KHURD,VICTORIA FORM -FEMALE,39330567,GGPS 28/1-AL,0,6,0,0,122,127,133,11,122,11,133,133,11,100.00
1095,OKARA,RENALA KHURD,VICTORIA FORM -FEMALE,39330568,GGPS 29/1AL,24,30,25,1,195,200,205,10,219,11,230,230,11,100.00
1096,OKARA,RENALA KHURD,VICTORIA FORM -FEMALE,39330561,GGPS CHAK NO. 19/1-AL,3,0,3,0,185,201,198,13,188,13,201,201,13,100.00
1097,OKARA,RENALA KHURD,VICTORIA FORM -FEMALE,39330570,GGES 32/1-AL,0,0,0,0,191,204,203,12,191,12,203,204,13,108.33
1098,OKARA,RENALA KHURD,VICTORIA FORM -FEMALE,39330558,GGES 15-1/AL,0,1,0,0,255,278,277,22,255,22,277,279,24,109.09
1099,OKARA,RENALA KHURD,VICTORIA FORM -FEMALE,39330541,GGPS 21-1AL,45,61,48,3,132,144,142,10,177,13,190,205,28,215.38
1100,OKARA,RENALA KHURD,VICTORIA -MALE,39331029,GES CHAK NO. 5/1-AL,212,203,230,18,62,69,67,5,274,23,297,272,-2,-8.70
1101,OKARA,RENALA KHURD,VICTORIA -MALE,39330238,GPS CHAK NO. 23/1-AL ,178,179,197,19,0,0,0,0,178,19,197,179,1,5.26
1102,OKARA,RENALA KHURD,VICTORIA -MALE,39330244,GPS CHAK 4/1-AL KALAN,122,123,137,15,86,87,97,11,208,26,234,210,2,7.69
1103,OKARA,RENALA KHURD,VICTORIA -MALE,39330231,GPS CHAK 17/1-AL,134,130,148,14,45,51,50,5,179,19,198,181,2,10.53
1104,OKARA,RENALA KHURD,VICTORIA -MALE,39331022,GES CHAK NO. 29/1-AL,236,240,261,25,0,0,0,0,236,25,261,240,4,16.00
1105,OKARA,RENALA KHURD,VICTORIA -MALE,39330237,GPS CHAK 22/1-AL,109,92,119,10,2,23,2,0,111,10,121,115,4,40.00
1106,OKARA,RENALA KHURD,VICTORIA -MALE,39330234,GPS CHAK 28/1-AL,151,157,165,14,0,0,0,0,151,14,165,157,6,42.86
1107,OKARA,RENALA KHURD,VICTORIA -MALE,39331018,GES CHAK 25/1-AL,165,163,177,12,46,55,49,3,211,15,226,218,7,46.67
1108,OKARA,RENALA KHURD,VICTORIA -MALE,39330240,GPS CHAK HUSSAIN ALI SHAH,123,135,132,9,118,115,127,9,241,18,259,250,9,50.00
1109,OKARA,RENALA KHURD,VICTORIA -MALE,39330857,GPS CHAK TILLAN WALA,66,64,71,5,74,82,80,6,140,11,151,146,6,54.55
1110,OKARA,RENALA KHURD,VICTORIA -MALE,39330257,GPS CHAK 6/1-AL AKHTAR ABAD,278,289,295,17,0,0,0,0,278,17,295,289,11,64.71
1111,OKARA,RENALA KHURD,VICTORIA -MALE,39330242,GES CHAK NO 1/1-AL,200,216,208,8,20,20,21,1,220,9,229,236,16,177.78