EMIS Code,School,Tehsil,Markaz,Level,Type,Area,Boys Target,Girls Target,Total Target
"39320667","GGES CHAK NO.30/2-RA","OKARA","33/2R - FEMALE","Middle","Female","Rural","0","341","341"
"39330682","GGCMS  25/2-R","OKARA","33/2R - FEMALE","Primary","Female","Rural","0","242","242"
"39320643","GGCMS CHAK NO 3/4-L","OKARA","33/2R - FEMALE","Primary","Female","Rural","0","256","256"
"39320668","GGPS 29/2-R","OKARA","33/2R - FEMALE","Primary","Female","Rural","0","138","138"
"39330145","GGES 28/2-RA","OKARA","33/2R - FEMALE","Middle","Female","Rural","0","138","138"
"39320671","GGPS CHAK NO.34/2-RA","OKARA","33/2R - FEMALE","Primary","Female","Rural","0","337","337"
"39330680","GGPS CHAK NO. 18/1-R","OKARA","33/2R - FEMALE","Primary","Female","Rural","0","119","119"
"39320676","GMPS KIKRI WALA","OKARA","33/2R - FEMALE","Primary","Female","Rural","44","61","105"
"39320675","GGES 20/G.D","OKARA","33/2R - FEMALE","Middle","Female","Rural","29","326","355"
"39330681","GGES CHAK NO. 19/1-R","OKARA","33/2R - FEMALE","Middle","Female","Rural","92","153","245"
"39330686","GMPS CHAK NO. 26/2-R","OKARA","33/2R - FEMALE","Primary","Female","Rural","89","98","187"
"39320673","GMPS 27/2-RA","OKARA","33/2R - FEMALE","Primary","Female","Rural","133","155","288"
"39320601","GMPS 56/2-L","OKARA","33/2R - FEMALE","Primary","Female","Rural","177","108","285"
"39320404","GES CHAK NO.38/2-RA","OKARA","33/2R - MALE","Middle","Male","Rural","165","0","165"
"39320405","GPS BASTI SOBHEY WALA","OKARA","33/2R - MALE","Primary","Male","Rural","63","46","109"
"39320420","GPS BAGIANA","OKARA","33/2R - MALE","Primary","Male","Rural","58","41","99"
"39320408","GES CHAK NO. 22/G.D","OKARA","33/2R - MALE","Middle","Male","Rural","137","0","137"
"39320428","GPS CHAK NO. 29/2-R","OKARA","33/2R - MALE","Primary","Male","Rural","130","0","130"
"39330395","GPS CHAK NO. 28/2-R","OKARA","33/2R - MALE","Primary","Male","Rural","97","3","100"
"39320429","GPS CHAK NO. 30/2-R","OKARA","33/2R - MALE","Primary","Male","Rural","134","0","134"
"39320430","GPS CHAK NO. 34/ 2-RA","OKARA","33/2R - MALE","Primary","Male","Rural","191","0","191"
"39330416","GPS CHAK NO. 18/1-R","OKARA","33/2R - MALE","Primary","Male","Rural","134","0","134"
"39320423","GPS CHAK NO.19/G.D","OKARA","33/2R - MALE","Primary","Male","Rural","123","0","123"
"39320402","GPS CHAK NO. 36/2-RA","OKARA","33/2R - MALE","Primary","Male","Rural","180","0","180"
"39320602","GGES 53/2-L","OKARA","4/4.L-FEMALE","Middle","Female","Rural","0","1154","1154"
"39320623","GGPS 15/4.L","OKARA","4/4.L-FEMALE","Primary","Female","Rural","0","260","260"
"39320633","GGPS CHAK NO. 27/4-L","OKARA","4/4.L-FEMALE","Primary","Female","Rural","0","235","235"
"39320782","GGPS 40/2.L","OKARA","4/4.L-FEMALE","Primary","Female","Rural","0","110","110"
"39320786","GGPS 39/2.L JORAY","OKARA","4/4.L-FEMALE","Primary","Female","Rural","0","73","73"
"39320168","GGES CHAK NO. 42/2-L","OKARA","4/4.L-FEMALE","Middle","Female","Rural","3","152","155"
"39320641","GGCMS 6-A/4-L","OKARA","4/4.L-FEMALE","Primary","Female","Rural","11","121","132"
"39321042","GGPS 6/4-L","OKARA","4/4.L-FEMALE","Primary","Female","Rural","61","82","143"
"39320956","GGPS MC NO. 1 RAIL BAZAR","OKARA","4/4.L-FEMALE","Primary","Female","Urban","43","56","99"
"39320617","GGPS 9/4.L","OKARA","4/4.L-FEMALE","Primary","Female","Rural","68","178","246"
"39320785","GMPS 41/2-L","OKARA","4/4.L-FEMALE","Primary","Female","Rural","152","151","303"
"39320616","GMPS 12/4-L","OKARA","4/4.L-FEMALE","Primary","Female","Rural","139","228","367"
"39320351","GPS CHAK 43/2-L","OKARA","4/4-L-MALE","Primary","Male","Rural","65","57","122"
"39320380","GPS CHAK NO 9/4-L","OKARA","4/4-L-MALE","Primary","Male","Rural","30","22","52"
"39320356","GPS CHAK 6-A/4-L","OKARA","4/4-L-MALE","Primary","Male","Rural","119","0","119"
"39320376","GPS CHAK 8/4-L","OKARA","4/4-L-MALE","Primary","Male","Rural","106","98","204"
"39320304","GPS CHAK 40/2-L","OKARA","4/4-L-MALE","Primary","Male","Rural","121","0","121"
"39320366","GPS CHAK 35/2-L","OKARA","4/4-L-MALE","Primary","Male","Rural","123","0","123"
"39320379","GPS CHAK 3/4.L","OKARA","4/4-L-MALE","Primary","Male","Rural","179","0","179"
"39320377","GPS NO 10/4-L","OKARA","4/4-L-MALE","Primary","Male","Rural","148","138","286"
"39320378","GPS CHAK 4/4-L","OKARA","4/4-L-MALE","Primary","Male","Rural","205","0","205"
"39320352","GES CHAK 44/2-L","OKARA","4/4-L-MALE","Middle","Male","Rural","340","0","340"
"39330589","GGCMS KAMMAN","RENALA KHURD","4/GD - FEMALE","Primary","Female","Rural","0","125","125"
"39330767","GGPS CHAK NO. 5/G.D","RENALA KHURD","4/GD - FEMALE","Primary","Female","Rural","0","116","116"
"39330769","GGPS CHAK NO.10/1-R","RENALA KHURD","4/GD - FEMALE","Primary","Female","Rural","0","151","151"
"39330768","GGES CHAK NO. 9/1-R","RENALA KHURD","4/GD - FEMALE","Middle","Female","Rural","6","220","226"
"39330734","GGES 7/1-R CHUGATA","RENALA KHURD","4/GD - FEMALE","Middle","Female","Rural","20","189","209"
"39330593","GGPS SAKHI ABDAL 1-A/G.D","RENALA KHURD","4/GD - FEMALE","Primary","Female","Rural","36","70","106"
"39330735","GGPS RUSTAM HAMID","RENALA KHURD","4/GD - FEMALE","Primary","Female","Rural","19","112","131"
"39330598","GGPS 3/G.D","RENALA KHURD","4/GD - FEMALE","Primary","Female","Rural","60","80","140"
"39330590","GGCMS CHAK NO. 8/1-RA","RENALA KHURD","4/GD - FEMALE","Primary","Female","Rural","80","133","213"
"39330444","GPS CHAK NO. 10/1-R","RENALA KHURD","4/GD - MALE","Primary","Male","Rural","106","50","156"
"39330454","GPS DHULYANA","RENALA KHURD","4/GD - MALE","Primary","Male","Rural","89","22","111"
"39330455","GPS CHAK 6/1-R","RENALA KHURD","4/GD - MALE","Primary","Male","Rural","103","23","126"
"39330436","GES 1/1-RA","RENALA KHURD","4/GD - MALE","Middle","Male","Rural","154","2","156"
"39330443","GPS CHAK NO.13/1-RA","RENALA KHURD","4/GD - MALE","Primary","Male","Rural","174","2","176"
"39330440","GPS CHAK NO. 9/1-R","RENALA KHURD","4/GD - MALE","Primary","Male","Rural","171","9","180"
"39330414","GPS CHAK NO. 14/1-RB","RENALA KHURD","4/GD - MALE","Primary","Male","Rural","166","0","166"
"39330105","GES CHAK NO. 3/1-RA","RENALA KHURD","4/GD - MALE","Middle","Male","Rural","237","0","237"
"39320286","GPS CHAK NO. 34/4-L","OKARA","40/4-L-MALE","Primary","Male","Rural","158","0","158"
"39320285","GPS CHAK 35/4-L","OKARA","40/4-L-MALE","Primary","Male","Rural","145","0","145"
"39320301","GPS 42/4-L","OKARA","40/4-L-MALE","Primary","Male","Rural","182","89","271"
"39320287","GPS CHAK  22/4-L","OKARA","40/4-L-MALE","Primary","Male","Rural","148","0","148"
"39320302","GPS 36-A/4.L","OKARA","40/4-L-MALE","Primary","Male","Rural","287","0","287"
"39320297","GPS CHAK 38/4-L","OKARA","40/4-L-MALE","Primary","Male","Rural","124","0","124"
"39320290","GES CHAK 31/4-L","OKARA","40/4-L-MALE","Middle","Male","Rural","286","0","286"
"39320690","GGES CHAK NO. 50/3-R","OKARA","AKBAR - FEMALE","Middle","Female","Rural","0","513","513"
"39320531","GGPS SHAREEN","OKARA","AKBAR - FEMALE","Primary","Female","Rural","0","105","105"
"39320526","GMPS CHAK KHAN MUHAMMAD","OKARA","AKBAR - FEMALE","Primary","Female","Rural","39","45","84"
"39320489","GGES 51/3-R","OKARA","AKBAR - FEMALE","Middle","Female","Rural","27","313","340"
"39320484","GMPS HAMAND KAY","OKARA","AKBAR - FEMALE","Primary","Female","Rural","71","85","156"
"39320699","GGCMES ZAKHIRA GASHKORI","OKARA","AKBAR - FEMALE","Middle","Female","Rural","54","176","230"
"39320538","GGES BHOJIAN","OKARA","AKBAR - FEMALE","Middle","Female","Rural","50","169","219"
"39320534","GGPS THATA INAYAT KAY","OKARA","AKBAR - FEMALE","Primary","Female","Rural","60","56","116"
"39320486","GMPS CHAK 47/G.D","OKARA","AKBAR - FEMALE","Primary","Female","Rural","53","44","97"
"39320471","GMPS WAN MEHR SINGH","OKARA","AKBAR - FEMALE","Primary","Female","Rural","119","104","223"
"39320220","GPS CHAK 39/G.D","OKARA","AKBAR - MALE","Primary","Male","Rural","8","0","8"
"39320211","GPS BUDDH JALAL","OKARA","AKBAR - MALE","Primary","Male","Rural","26","20","46"
"39321038","GPS CHAH PIR MUHAMMAD","OKARA","AKBAR - MALE","Primary","Male","Rural","41","23","64"
"39320209","GPS DHOOTA","OKARA","AKBAR - MALE","Primary","Male","Rural","94","25","119"
"39321037","GPS THATHA NAAM DAR","OKARA","AKBAR - MALE","Primary","Male","Rural","79","67","146"
"39320174","GPS CHANU MAHTAM","OKARA","AKBAR - MALE","Primary","Male","Rural","71","65","136"
"39320409","GPS CHAK NO. 23-A/G.D","OKARA","AKBAR - MALE","Primary","Male","Rural","121","0","121"
"39320208","GPS CHAK 35/G.D","OKARA","AKBAR - MALE","Primary","Male","Rural","176","0","176"
"39320425","GPS CHAK NO. 20/G.D","OKARA","AKBAR - MALE","Primary","Male","Rural","189","3","192"
"39330556","GGES 10/1-AL","RENALA KHURD","AKHTAR ABAD - FEMALE","Middle","Female","Rural","0","260","260"
"39330588","GGCMES 6-1AL","RENALA KHURD","AKHTAR ABAD - FEMALE","Middle","Female","Rural","1","439","440"
"39330587","GGCMES 14/1-AL","RENALA KHURD","AKHTAR ABAD - FEMALE","Middle","Female","Rural","1","344","345"
"39330549","GGES CHAK 1-1AL","RENALA KHURD","AKHTAR ABAD - FEMALE","Middle","Female","Rural","18","315","333"
"39330550","GGPS 3-1AL","RENALA KHURD","AKHTAR ABAD - FEMALE","Primary","Female","Rural","19","153","172"
"39331010","GGCMS 34/1A L","RENALA KHURD","AKHTAR ABAD - FEMALE","Primary","Female","Rural","26","161","187"
"39330557","GGPS 13-1AL","RENALA KHURD","AKHTAR ABAD - FEMALE","Primary","Female","Rural","30","209","239"
"39330553","GGPS 5-1AL","RENALA KHURD","AKHTAR ABAD - FEMALE","Primary","Female","Rural","33","133","166"
"39330559","GGCMS 17/1-AL","RENALA KHURD","AKHTAR ABAD - FEMALE","Primary","Female","Rural","42","230","272"
"39330555","GGPS 9-1AL KHURD","RENALA KHURD","AKHTAR ABAD - FEMALE","Primary","Female","Rural","56","69","125"
"39330551","GGES CHAK 4/1-AL KALAN","RENALA KHURD","AKHTAR ABAD - FEMALE","Middle","Female","Rural","80","296","376"
"39330243","GPS CHAK 3/1-AL","RENALA KHURD","AKHTAR ABAD - MALE","Primary","Male","Rural","128","16","144"
"39330270","GPS CHAK NO. 6/1-L","RENALA KHURD","AKHTAR ABAD - MALE","Primary","Male","Rural","81","62","143"
"39330247","GPS CHAK NO 13/1.AL","RENALA KHURD","AKHTAR ABAD - MALE","Primary","Male","Rural","133","6","139"
"39330235","GES CHAK 34/1-AL","RENALA KHURD","AKHTAR ABAD - MALE","Middle","Male","Rural","166","22","188"
"39330261","GPS CHAK NO 30/1.AL","RENALA KHURD","AKHTAR ABAD - MALE","Primary","Male","Rural","138","48","186"
"39330233","GPS CHAK NO. 19/1-AL","RENALA KHURD","AKHTAR ABAD - MALE","Primary","Male","Rural","255","0","255"
"39330246","GPS CHAK 12/1-AL","RENALA KHURD","AKHTAR ABAD - MALE","Primary","Male","Rural","245","79","324"
"39330249","GPS CHAK NO 15/1-AL","RENALA KHURD","AKHTAR ABAD - MALE","Primary","Male","Rural","168","0","168"
"39330266","GPS CHAK 20/2.L","RENALA KHURD","AKHTAR ABAD - MALE","Primary","Male","Rural","180","52","232"
"39330258","GPS  8-1/A.L","RENALA KHURD","AKHTAR ABAD - MALE","Primary","Male","Rural","265","0","265"
"39330248","GPS CHAK NO. 14/1-AL","RENALA KHURD","AKHTAR ABAD - MALE","Primary","Male","Rural","301","1","302"
"39330085","GES CHAK NO. 16/1-AL","RENALA KHURD","AKHTAR ABAD - MALE","Middle","Male","Rural","328","0","328"
"39310755","GGPS KHARAK SINGH","DEPALPUR","AMLI MOTI - FEMALE","Primary","Female","Rural","44","71","115"
"39310705","GMPS QILA HARRI CHAND","DEPALPUR","AMLI MOTI - FEMALE","Primary","Female","Rural","32","25","57"
"39311006","GGES TULLAH KAMBOH","DEPALPUR","AMLI MOTI - FEMALE","Middle","Female","Rural","43","150","193"
"39310974","GMPS GUDARA","DEPALPUR","AMLI MOTI - FEMALE","Primary","Female","Rural","28","34","62"
"39310704","GGPS KOT BHATIAN","DEPALPUR","AMLI MOTI - FEMALE","Primary","Female","Rural","60","55","115"
"39310737","GGPS CHAK NO.38 D KHURD","DEPALPUR","AMLI MOTI - FEMALE","Primary","Female","Rural","56","75","131"
"39310717","GGPS LOHARI WALA","DEPALPUR","AMLI MOTI - FEMALE","Primary","Female","Rural","60","60","120"
"39310716","GMPS BAHRI PUR","DEPALPUR","AMLI MOTI - FEMALE","Primary","Female","Rural","63","68","131"
"39310697","GGES DOLA PUKHTA","DEPALPUR","AMLI MOTI - FEMALE","Middle","Female","Rural","72","145","217"
"39310174","GGES AMLI MOTI","DEPALPUR","AMLI MOTI - FEMALE","Middle","Female","Rural","80","274","354"
"39310720","GGPS BAHNI CHANDOOR","DEPALPUR","AMLI MOTI - FEMALE","Primary","Female","Rural","75","90","165"
"39310937","GPS CHANGA","DEPALPUR","AMLI MOTI - MALE","Primary","Male","Rural","71","63","134"
"39310463","GPS NAI ABADI MANCHRIAN","DEPALPUR","AMLI MOTI - MALE","Primary","Male","Rural","107","98","205"
"39310481","GPS TIBBI SADA SINGH","DEPALPUR","AMLI MOTI - MALE","Primary","Male","Rural","115","0","115"
"39310465","GPS RAFI ABAD","DEPALPUR","AMLI MOTI - MALE","Primary","Male","Rural","90","47","137"
"39310458","GPS SORA SINGH","DEPALPUR","AMLI MOTI - MALE","Primary","Male","Rural","139","0","139"
"39310453","GPS BAKHU SHAH","DEPALPUR","AMLI MOTI - MALE","Primary","Male","Rural","140","0","140"
"39310459","GPS GUNGOO WAL","DEPALPUR","AMLI MOTI - MALE","Primary","Male","Rural","143","0","143"
"39310989","GES DEPALPUR","DEPALPUR","AMLI MOTI - MALE","Middle","Male","Urban","226","3","229"
"39310462","GPS BAKSHA NONARI","DEPALPUR","AMLI MOTI - MALE","Primary","Male","Rural","238","233","471"
"39310205","GPS SUKHA LADHOKA","DEPALPUR","ATTARI-MALE","Primary","Male","Rural","126","36","162"
"39310189","GPS AMIR SINGH","DEPALPUR","ATTARI-MALE","Primary","Male","Rural","79","72","151"
"39310190","GPS BUNGA SAHIBA","DEPALPUR","ATTARI-MALE","Primary","Male","Rural","135","21","156"
"39310208","GES KALAIR MAHMAND","DEPALPUR","ATTARI-MALE","Middle","Male","Rural","210","8","218"
"39330753","GGES CHUCHAK","RENALA KHURD","BAMA BALA-FEMALE","Middle","Female","Urban","0","257","257"
"39330762","GGPS TATAR","RENALA KHURD","BAMA BALA-FEMALE","Primary","Female","Rural","0","151","151"
"39330764","GGPS CHAK FAZAL WALA","RENALA KHURD","BAMA BALA-FEMALE","Primary","Female","Rural","10","155","165"
"39330716","GMPS MONI WALA","RENALA KHURD","BAMA BALA-FEMALE","Primary","Female","Rural","50","60","110"
"39330761","GGPS HAYAT PUR","RENALA KHURD","BAMA BALA-FEMALE","Primary","Female","Rural","41","75","116"
"39330758","GGPS CHAK NO.1/GD DARBAR GUL","RENALA KHURD","BAMA BALA-FEMALE","Primary","Female","Rural","58","71","129"
"39330759","GMPS CHAK BAZEEDA","RENALA KHURD","BAMA BALA-FEMALE","Primary","Female","Rural","65","126","191"
"39330321","GPS CHAK 7/GD","RENALA KHURD","BAMA BALA-MALE","Primary","Male","Rural","99","16","115"
"39330327","GPS CHOKI MAJHIANA","RENALA KHURD","BAMA BALA-MALE","Primary","Male","Rural","111","0","111"
"39330458","GPS CHAK NO. 4 KM","RENALA KHURD","BAMA BALA-MALE","Primary","Male","Rural","116","0","116"
"39330093","GES CHAK 9 GD","RENALA KHURD","BAMA BALA-MALE","Middle","Male","Rural","121","0","121"
"39330325","GPS CHAK NO 5/GD","RENALA KHURD","BAMA BALA-MALE","Primary","Male","Rural","123","0","123"
"39330104","GES ISLAM PUR","RENALA KHURD","BAMA BALA-MALE","Middle","Male","Rural","211","0","211"
"39310601","GGPS BASIR PUR NO 3 NAI ABADI BASIR PUR","DEPALPUR","BASIR PUR - FEMALE","Primary","Female","Rural","0","338","338"
"39310519","GGPS CHAK AHMED YAR","DEPALPUR","BASIR PUR - FEMALE","Primary","Female","Rural","0","194","194"
"39310623","GGPS TAHIR KALAN NO. 2","DEPALPUR","BASIR PUR - FEMALE","Primary","Female","Rural","0","170","170"
"39310980","GGES KALASSAN PARAMAL","DEPALPUR","BASIR PUR - FEMALE","Middle","Female","Rural","0","94","94"
"39311051","GGES PHULAN TOLI KALAN","DEPALPUR","BASIR PUR - FEMALE","Middle","Female","Rural","6","124","130"
"39310634","GGPS ISLAM ABAD","DEPALPUR","BASIR PUR - FEMALE","Primary","Female","Rural","11","83","94"
"39310602","GGPS NO 4 PETROL PUMP BASIR PUR","DEPALPUR","BASIR PUR - FEMALE","Primary","Female","Urban","39","52","91"
"39310487","GGPS NO. 5 BASIR PUR","DEPALPUR","BASIR PUR - FEMALE","Primary","Female","Urban","100","197","297"
"39310966","GGPS DARBAR KHAWAJA M AKBAR BASIR PUR","DEPALPUR","BASIR PUR - FEMALE","Primary","Female","Urban","108","173","281"
"39310624","GGPS BASIR PUR NO 6","DEPALPUR","BASIR PUR - FEMALE","Primary","Female","Urban","140","169","309"
"39310962","GPS HAZRAT KHAWAJA M AKBAR BASIR PUR","DEPALPUR","BASIR PUR - MALE","Primary","Male","Urban","83","40","123"
"39310339","GPS AMIN KOT","DEPALPUR","BASIR PUR - MALE","Primary","Male","Rural","86","56","142"
"39310314","GPS BASHIR KOT","DEPALPUR","BASIR PUR - MALE","Primary","Male","Rural","160","23","183"
"39310311","GPS BATAK","DEPALPUR","BASIR PUR - MALE","Primary","Male","Rural","201","42","243"
"39310071","GES ALI GARH","DEPALPUR","BASIR PUR - MALE","Middle","Male","Rural","204","1","205"
"39310336","GPS KOT SHER KHAN","DEPALPUR","BASIR PUR - MALE","Primary","Male","Rural","174","0","174"
"39310309","GPS NO. 4 BASIR PUR","DEPALPUR","BASIR PUR - MALE","Primary","Male","Urban","170","78","248"
"39310318","GPS ARORA JAGIR","DEPALPUR","BASIR PUR - MALE","Primary","Male","Rural","192","135","327"
"39310308","GPS BASIR PUR NO 5","DEPALPUR","BASIR PUR - MALE","Primary","Male","Urban","189","73","262"
"39310310","GPS BASIR PUR NO. 3","DEPALPUR","BASIR PUR - MALE","Primary","Male","Urban","195","0","195"
"39310070","GES BASIR PUR NO. 2","DEPALPUR","BASIR PUR - MALE","Middle","Male","Urban","595","0","595"
"39310147","GGES BHOMAN SHAH","DEPALPUR","BHOMAN SHAH - FEMALE","Middle","Female","Urban","0","262","262"
"39310668","GGPS HAKAM SADHAR KEY","DEPALPUR","BHOMAN SHAH - FEMALE","Primary","Female","Rural","0","157","157"
"39310144","GGES 45/S.P","DEPALPUR","BHOMAN SHAH - FEMALE","Middle","Female","Rural","0","256","256"
"39311053","GGPS BAHAWAL DAS","DEPALPUR","BHOMAN SHAH - FEMALE","Primary","Female","Rural","6","124","130"
"39310672","GGES JASSO KEY DHON","DEPALPUR","BHOMAN SHAH - FEMALE","Middle","Female","Rural","30","190","220"
"39310151","GGES PASAIL","DEPALPUR","BHOMAN SHAH - FEMALE","Middle","Female","Rural","29","135","164"
"39310671","GGPS KOTHA JHANG SHISHAM","DEPALPUR","BHOMAN SHAH - FEMALE","Primary","Female","Rural","48","85","133"
"39311032","GPS RAKH THAKRA","DEPALPUR","BHOMAN SHAH - MALE","Primary","Male","Rural","61","53","114"
"39310326","GPS KABIAN WALI","DEPALPUR","BHOMAN SHAH - MALE","Primary","Male","Rural","90","44","134"
"39310086","GES FARID PUR JAGIR","DEPALPUR","BHOMAN SHAH - MALE","Middle","Male","Rural","133","99","232"
"39310874","GPS CHAK BILLI MAR","DEPALPUR","BHOMAN SHAH - MALE","Primary","Male","Rural","230","153","383"
"39310092","GES 45/SP KHOTI PUR","DEPALPUR","BHOMAN SHAH - MALE","Middle","Male","Rural","229","0","229"
"39310366","GPS JUSSO KEY DHONE","DEPALPUR","BHOMAN SHAH - MALE","Primary","Male","Rural","146","1","147"
"39310356","GPS ISLAM NAGAR","DEPALPUR","BHOMAN SHAH - MALE","Primary","Male","Urban","167","0","167"
"39310949","GPS CHOOR MAHTAM","DEPALPUR","BHULLY WAL-MALE","Primary","Male","Rural","68","61","129"
"39311058","GPS MANGA BHIDAL MATHELA","DEPALPUR","BHULLY WAL-MALE","Primary","Male","Rural","98","73","171"
"39310879","GPS QALI FOJIAN WALI","DEPALPUR","BHULLY WAL-MALE","Primary","Male","Rural","70","64","134"
"39310387","GPS BHOKAN GHUDAR KAY","DEPALPUR","BHULLY WAL-MALE","Primary","Male","Rural","83","63","146"
"39310363","GPS BHIDAL UTAR","DEPALPUR","BHULLY WAL-MALE","Primary","Male","Rural","97","39","136"
"39310364","GPS HAKOOMAT GARH","DEPALPUR","BHULLY WAL-MALE","Primary","Male","Rural","133","0","133"
"39310091","GES BULEHWAL","DEPALPUR","BHULLY WAL-MALE","Middle","Male","Rural","219","0","219"
"39310081","GES CHURA LAKHVERA MANEKA","DEPALPUR","BHULLY WAL-MALE","Middle","Male","Rural","197","26","223"
"39310386","GPS TARSANGI SHARIF","DEPALPUR","BHULLY WAL-MALE","Primary","Male","Rural","175","0","175"
"39310156","GGES CHAK 3/S.P","DEPALPUR","BULHAY WAL   -FEMALE","Middle","Female","Rural","0","380","380"
"39310943","GGES BULEHWAL","DEPALPUR","BULHAY WAL   -FEMALE","Middle","Female","Rural","0","108","108"
"39310149","GGES CHURA MANEKA","DEPALPUR","BULHAY WAL   -FEMALE","Middle","Female","Rural","12","89","101"
"39310154","GGES 5/S.P LADHUKA","DEPALPUR","BULHAY WAL   -FEMALE","Middle","Female","Rural","18","46","64"
"39310643","GGPS CHAK ANOKH SINGH","DEPALPUR","BULHAY WAL   -FEMALE","Primary","Female","Rural","36","50","86"
"39310645","GGPS TARSANGI","DEPALPUR","BULHAY WAL   -FEMALE","Primary","Female","Rural","37","142","179"
"39310650","GGPS HABIB KOT","DEPALPUR","BULHAY WAL   -FEMALE","Primary","Female","Rural","39","66","105"
"39320527","GGES 41/G.D","OKARA","BURAJ JIWE KHAN-FEMALE","Middle","Female","Rural","0","112","112"
"39320499","GGPS 36-A/G.D","OKARA","BURAJ JIWE KHAN-FEMALE","Primary","Female","Rural","8","185","193"
"39320706","GGPS CHAK FATTO ANA","OKARA","BURAJ JIWE KHAN-FEMALE","Primary","Female","Rural","15","58","73"
"39320516","GGPS MURDANI","OKARA","BURAJ JIWE KHAN-FEMALE","Primary","Female","Rural","15","38","53"
"39321006","GGPS KOTHAY 30/2-R","OKARA","BURAJ JIWE KHAN-FEMALE","Primary","Female","Rural","47","59","106"
"39320147","GGES SOBAY WALA","OKARA","BURAJ JIWE KHAN-FEMALE","Middle","Female","Rural","37","91","128"
"39320518","GMPS UTHWAL KHALSA","OKARA","BURAJ JIWE KHAN-FEMALE","Primary","Female","Rural","58","56","114"
"39320697","GMES CHAK 45/3-R","OKARA","BURAJ JIWE KHAN-FEMALE","Middle","Female","Rural","171","297","468"
"39320950","GPS 40/3.R NEW KALA NAUR","OKARA","BURJ JIWAY KHAN-MALE","Primary","Male","Rural","69","71","140"
"39320102","GES ZAKHIRA GASHKORI","OKARA","BURJ JIWAY KHAN-MALE","Middle","Male","Rural","137","25","162"
"39320811","GPS WAN MAHABAT KI","OKARA","BURJ JIWAY KHAN-MALE","Primary","Male","Rural","74","71","145"
"39320219","GPS CHAK NO 41/G.D","OKARA","BURJ JIWAY KHAN-MALE","Primary","Male","Rural","109","1","110"
"39320221","GPS GASHKORIAN NO 1","OKARA","BURJ JIWAY KHAN-MALE","Primary","Male","Rural","76","59","135"
"39320180","GPS CHAK 42/G.D","OKARA","BURJ JIWAY KHAN-MALE","Primary","Male","Rural","153","0","153"
"39310613","GGPS ISLAM NAGAR HAVELI","DEPALPUR","CHAK BAWA - FEMALE","Primary","Female","Rural","0","171","171"
"39310678","GGPS JAWAYA BALOCH","DEPALPUR","CHAK BAWA - FEMALE","Primary","Female","Rural","0","319","319"
"39310687","GGPS QAIM JINDE KA","DEPALPUR","CHAK BAWA - FEMALE","Primary","Female","Rural","4","128","132"
"39310684","GGPS RATTAY KAY","DEPALPUR","CHAK BAWA - FEMALE","Primary","Female","Rural","6","173","179"
"39310659","GGPS MALHU SHEIKHU KA","DEPALPUR","CHAK BAWA - FEMALE","Primary","Female","Rural","9","86","95"
"39310158","GGES NAMA JINDAY KA","DEPALPUR","CHAK BAWA - FEMALE","Middle","Female","Rural","13","177","190"
"39310641","GGPS BAHMANI DAKHLI JOWAYA BALOCH","DEPALPUR","CHAK BAWA - FEMALE","Primary","Female","Rural","43","75","118"
"39310160","GGES CHAK BAWA","DEPALPUR","CHAK BAWA - FEMALE","Middle","Female","Rural","47","557","604"
"39310143","GGES PIPLI MEHTAB RAI","DEPALPUR","CHAK BAWA - FEMALE","Middle","Female","Rural","60","167","227"
"39310666","GGPS CHAK MUGHAL","DEPALPUR","CHAK BAWA - FEMALE","Primary","Female","Rural","40","84","124"
"39310403","GPS CHISHTI MOLIA","DEPALPUR","CHAK BAWA - MALE","Primary","Male","Rural","77","43","120"
"39310362","GPS KALOO WAH","DEPALPUR","CHAK BAWA - MALE","Primary","Male","Rural","62","52","114"
"39310883","GPS KHAWAJA NOOR MUHAMMAD","DEPALPUR","CHAK BAWA - MALE","Primary","Male","Rural","123","2","125"
"39310357","GES NAMA JINDAY KA","DEPALPUR","CHAK BAWA - MALE","Middle","Male","Rural","163","0","163"
"39310402","GPS QAIM JINDE KA","DEPALPUR","CHAK BAWA - MALE","Primary","Male","Rural","140","0","140"
"39310090","GES CHAK 42/SP SAMUNDARI","DEPALPUR","CHAK BAWA - MALE","Middle","Male","Rural","217","0","217"
"39310358","GPS FARID PUR SOHAG","DEPALPUR","CHAK BAWA - MALE","Primary","Male","Rural","126","0","126"
"39310087","GES CHAK BAWA","DEPALPUR","CHAK BAWA - MALE","Middle","Male","Rural","531","0","531"
"39310088","GES MOHIB ALI OTAR","DEPALPUR","CHAMBA-MALE","Middle","Male","Rural","142","66","208"
"39310382","GPS 5-SP SIKHAN WALA","DEPALPUR","CHAMBA-MALE","Primary","Male","Rural","148","110","258"
"39310374","GPS WAN SHERIN WALI","DEPALPUR","CHAMBA-MALE","Primary","Male","Rural","125","108","233"
"39310083","GES 2/SP CHANBA","DEPALPUR","CHAMBA-MALE","Middle","Male","Rural","238","0","238"
"39310399","GPS CHAK NO 14-D","DEPALPUR","CHAMBA-MALE","Primary","Male","Rural","143","0","143"
"39330464","GPS THATHI KALSAN","RENALA KHURD","CHUCHAK - MALE","Primary","Male","Rural","62","53","115"
"39330461","GPS HAYAT PUR","RENALA KHURD","CHUCHAK - MALE","Primary","Male","Rural","79","35","114"
"39330319","GPS FAZIL WALA","RENALA KHURD","CHUCHAK - MALE","Primary","Male","Rural","99","13","112"
"39330332","GPS GUBBA FAZIL","RENALA KHURD","CHUCHAK - MALE","Primary","Male","Rural","96","24","120"
"39330334","GPS MEHLO KEY","RENALA KHURD","CHUCHAK - MALE","Primary","Male","Rural","116","0","116"
"39330946","GPS CHAK 2-A/GD","RENALA KHURD","CHUCHAK - MALE","Primary","Male","Rural","72","59","131"
"39330881","GPS MOPAL KEY","RENALA KHURD","CHUCHAK - MALE","Primary","Male","Rural","95","65","160"
"39330103","GES MITHA BHATTI","RENALA KHURD","CHUCHAK - MALE","Middle","Male","Rural","175","27","202"
"39330331","GPS TATAR","RENALA KHURD","CHUCHAK - MALE","Primary","Male","Rural","176","1","177"
"39310675","GGES LADHEYWAL","DEPALPUR","CHURASTA MIAN KHAN - FEMALE","Middle","Female","Rural","0","401","401"
"39310633","GGPS CHISHTI QUTAB DIN","DEPALPUR","CHURASTA MIAN KHAN - FEMALE","Primary","Female","Rural","0","142","142"
"39310133","GGES LOOMARI","DEPALPUR","CHURASTA MIAN KHAN - FEMALE","Middle","Female","Rural","4","50","54"
"39310142","GGES KANI PUR","DEPALPUR","CHURASTA MIAN KHAN - FEMALE","Middle","Female","Rural","19","168","187"
"39311076","GGPS CHORASTA MIAN KHAN","DEPALPUR","CHURASTA MIAN KHAN - FEMALE","Primary","Female","Rural","66","69","135"
"39310749","GGES BHAI RAO KAY","DEPALPUR","CHURASTA MIAN KHAN - FEMALE","Middle","Female","Rural","64","176","240"
"39310604","GGPS PATI PUR (SULTAN NAGAR)","DEPALPUR","CHURASTA MIAN KHAN - FEMALE","Primary","Female","Rural","73","76","149"
"39310564","GCMPS CHAK KAMBOH","DEPALPUR","CHURASTA MIAN KHAN - FEMALE","Primary","Female","Rural","181","211","392"
"39310345","GPS KANI PUR","DEPALPUR","CHURASTA MIAN KHAN - MALE","Primary","Male","Rural","104","7","111"
"39310255","GPS BONGI TAHIR","DEPALPUR","CHURASTA MIAN KHAN - MALE","Primary","Male","Rural","79","62","141"
"39310325","GPS NOOR KAY","DEPALPUR","CHURASTA MIAN KHAN - MALE","Primary","Male","Rural","54","59","113"
"39310065","GES BHONE MANZABTA","DEPALPUR","CHURASTA MIAN KHAN - MALE","Middle","Male","Rural","182","42","224"
"39310063","GES LOOMARY","DEPALPUR","CHURASTA MIAN KHAN - MALE","Middle","Male","Rural","75","1","76"
"39310315","GPS DHABBI","DEPALPUR","CHURASTA MIAN KHAN - MALE","Primary","Male","Rural","105","90","195"
"39310342","GPS TAHIR KALAN","DEPALPUR","CHURASTA MIAN KHAN - MALE","Primary","Male","Rural","299","0","299"
"39310074","GES CHISHTI QUTAB DIN","DEPALPUR","CHURASTA MIAN KHAN - MALE","Middle","Male","Rural","258","0","258"
"39310734","GGPS NO.6 DEPALPUR","DEPALPUR","DEPALPUR - FEMALE","Primary","Female","Urban","0","249","249"
"39310754","GGCMES QILA JAWIND SINGH","DEPALPUR","DEPALPUR - FEMALE","Middle","Female","Rural","0","135","135"
"39310742","GGPS BASTI SADIN SAIN","DEPALPUR","DEPALPUR - FEMALE","Primary","Female","Rural","0","169","169"
"39310171","GGES RATTA KHANA","DEPALPUR","DEPALPUR - FEMALE","Middle","Female","Rural","5","269","274"
"39310735","GGPS NO 5 DEPALPUR","DEPALPUR","DEPALPUR - FEMALE","Primary","Female","Urban","43","49","92"
"39310745","GGPS ISLAM PURA","DEPALPUR","DEPALPUR - FEMALE","Primary","Female","Rural","25","130","155"
"39310696","GGPS MEER AMAN ULLAH","DEPALPUR","DEPALPUR - FEMALE","Primary","Female","Rural","31","34","65"
"39310137","GGES 29-D","DEPALPUR","DEPALPUR - FEMALE","Middle","Female","Rural","19","147","166"
"39310132","GGES SHAM DIN","DEPALPUR","DEPALPUR - FEMALE","Middle","Female","Rural","75","124","199"
"39310168","GGES DEPALPUR NO 2","DEPALPUR","DEPALPUR - FEMALE","Middle","Female","Urban","45","694","739"
"39310942","GGPS BASTI NAVEED KHAN","DEPALPUR","DEPALPUR - FEMALE","Primary","Female","Rural","57","63","120"
"39310746","GMPS NIZAM DIN","DEPALPUR","DEPALPUR - FEMALE","Primary","Female","Rural","193","182","375"
"39310469","GPS ISLAM PURA","DEPALPUR","DEPALPUR - MALE","Primary","Male","Rural","93","15","108"
"39310466","GPS QILA JAWAND SINGH","DEPALPUR","DEPALPUR - MALE","Primary","Male","Rural","131","0","131"
"39310302","GPS SHAM DIN WAGRA","DEPALPUR","DEPALPUR - MALE","Primary","Male","Rural","78","34","112"
"39310299","GPS SUNARI WALA","DEPALPUR","DEPALPUR - MALE","Primary","Male","Rural","64","61","125"
"39310475","GPS JALAL KOT SANI","DEPALPUR","DEPALPUR - MALE","Primary","Male","Rural","71","42","113"
"39310855","GPS CHAK 7/D","DEPALPUR","DEPALPUR - MALE","Primary","Male","Rural","94","92","186"
"39310059","GES SAHLOWAL","DEPALPUR","DEPALPUR - MALE","Middle","Male","Rural","150","21","171"
"39310816","GPS CHAK NO. 33-D","DEPALPUR","DEPALPUR - MALE","Primary","Male","Rural","140","0","140"
"39310480","GES SHAREEN MUAFI","DEPALPUR","DEPALPUR - MALE","Middle","Male","Rural","323","18","341"
"39310102","GES 31/D","DEPALPUR","DEPALPUR - MALE","Middle","Male","Rural","255","76","331"
"39310450","GPS NO.2 DEPALPUR","DEPALPUR","DEPALPUR - MALE","Primary","Male","Urban","348","45","393"
"39310748","GGPS 42/D KALAN","DEPALPUR","DOLOO WAL   -FEMALE","Primary","Female","Rural","0","387","387"
"39310701","GGES CHAK NO. 39/D","DEPALPUR","DOLOO WAL   -FEMALE","Middle","Female","Rural","0","358","358"
"39310553","GGES CHAK NO. 37/D","DEPALPUR","DOLOO WAL   -FEMALE","Middle","Female","Rural","1","197","198"
"39310728","GGPS 49-D","DEPALPUR","DOLOO WAL   -FEMALE","Primary","Female","Rural","2","188","190"
"39311033","GGES 34-D","DEPALPUR","DOLOO WAL   -FEMALE","Middle","Female","Rural","13","103","116"
"39310736","GMPS CHAK FAZAL SHAH","DEPALPUR","DOLOO WAL   -FEMALE","Primary","Female","Rural","19","28","47"
"39310753","GGPS DOLLO WALL","DEPALPUR","DOLOO WAL   -FEMALE","Primary","Female","Rural","36","263","299"
"39310723","GMPS 45 / D","DEPALPUR","DOLOO WAL   -FEMALE","Primary","Female","Rural","81","73","154"
"39311013","GGES CHAK PINDI MOHLAN","DEPALPUR","DOLOO WAL   -FEMALE","Middle","Female","Rural","102","167","269"
"39310596","GGPS AJJU WALA","DEPALPUR","DOLOO WAL   -FEMALE","Primary","Female","Rural","77","101","178"
"39310926","GPS CANAL COLONY","DEPALPUR","DOLOWAL-MALE","Primary","Male","Urban","64","45","109"
"39310931","GPS CHAK 38-D CHORASTA","DEPALPUR","DOLOWAL-MALE","Primary","Male","Rural","60","64","124"
"39310903","GPS CHAK 43 D KHURD","DEPALPUR","DOLOWAL-MALE","Primary","Male","Rural","45","74","119"
"39310443","GPS CHAK NO.44-D","DEPALPUR","DOLOWAL-MALE","Primary","Male","Rural","81","82","163"
"39310919","GPS NAWAN CHAK KHARAK SINGH","DEPALPUR","DOLOWAL-MALE","Primary","Male","Rural","82","52","134"
"39310411","GPS CHAK KHARAK SINGH","DEPALPUR","DOLOWAL-MALE","Primary","Male","Rural","92","53","145"
"39310415","GPS DOULO WAL","DEPALPUR","DOLOWAL-MALE","Primary","Male","Rural","171","59","230"
"39310449","GPS CHAK NO. 50-D NEW","DEPALPUR","DOLOWAL-MALE","Primary","Male","Rural","167","0","167"
"39310490","GGPS KALAIR KALAN","DEPALPUR","FAIZ ABAD - FEMALE","Primary","Female","Urban","0","259","259"
"39310119","GGES CHAK GANDA SINGH","DEPALPUR","FAIZ ABAD - FEMALE","Middle","Female","Rural","0","202","202"
"39310508","GGES RUKAN PURA","DEPALPUR","FAIZ ABAD - FEMALE","Middle","Female","Rural","0","335","335"
"39310141","GGES ROHEELA TAIJEKA","DEPALPUR","FAIZ ABAD - FEMALE","Middle","Female","Rural","0","168","168"
"39310118","GGES ATTARI","DEPALPUR","FAIZ ABAD - FEMALE","Middle","Female","Rural","1","198","199"
"39310511","GGES KEERIAN WALI NO. 1 (MUHAMMAD NAGAR NO.1)","DEPALPUR","FAIZ ABAD - FEMALE","Middle","Female","Rural","5","186","191"
"39310532","GGES SUKHA LADHOKA","DEPALPUR","FAIZ ABAD - FEMALE","Middle","Female","Rural","34","180","214"
"39310207","GPS WANAN WALA","DEPALPUR","FAIZ ABAD - MALE","Primary","Male","Rural","80","31","111"
"39310225","GPS MANO WALA","DEPALPUR","FAIZ ABAD - MALE","Primary","Male","Rural","66","46","112"
"39310185","GES GUDAR MALKANA","DEPALPUR","FAIZ ABAD - MALE","Middle","Male","Rural","98","67","165"
"39310186","GPS JHANG ABDULLAH SHAH","DEPALPUR","FAIZ ABAD - MALE","Primary","Male","Rural","57","63","120"
"39310203","GES FAIZ ABAD","DEPALPUR","FAIZ ABAD - MALE","Middle","Male","Rural","126","40","166"
"39310067","GES MOHAMMAD NAGAR LADHUKA","DEPALPUR","FAIZ ABAD - MALE","Middle","Male","Rural","176","0","176"
"39310975","GGPS KANDUWAL","DEPALPUR","FAREED KOT -FEMALE","Middle","Female","Rural","0","107","107"
"39310714","GGPS TIBI SADA SINGH","DEPALPUR","FAREED KOT -FEMALE","Primary","Female","Rural","14","99","113"
"39310127","GGES ADDA SAHLOWAL","DEPALPUR","FAREED KOT -FEMALE","Middle","Female","Rural","9","338","347"
"39310739","GGPS CHARHAT SINGH","DEPALPUR","FAREED KOT -FEMALE","Primary","Female","Rural","36","74","110"
"39310702","GGPS MATA SINGH","DEPALPUR","FAREED KOT -FEMALE","Primary","Female","Rural","8","33","41"
"39310711","GGPS SHEEREN MUAFI","DEPALPUR","FAREED KOT -FEMALE","Primary","Female","Rural","18","139","157"
"39310534","GGPS MALI SINGH","DEPALPUR","FAREED KOT -FEMALE","Primary","Female","Rural","36","122","158"
"39310757","GGCMS FAREED KOT","DEPALPUR","FAREED KOT -FEMALE","Primary","Female","Rural","37","76","113"
"39310535","GGPS DHOLLA MUSTAQEEM","DEPALPUR","FAREED KOT -FEMALE","Primary","Female","Rural","55","55","110"
"39310700","GMPS MAOUZA JUJJ","DEPALPUR","FAREED KOT -FEMALE","Primary","Female","Rural","54","62","116"
"39310578","GGPS SAHNI WAL","DEPALPUR","FAREED KOT -FEMALE","Primary","Female","Rural","54","130","184"
"39310478","GPS NEW JANDOWAL","DEPALPUR","FARID KOT-MALE","Primary","Male","Rural","53","61","114"
"39310434","GPS DAULA PUKHTA","DEPALPUR","FARID KOT-MALE","Primary","Male","Rural","69","42","111"
"39310476","GPS BASTI SADAN SAIN","DEPALPUR","FARID KOT-MALE","Primary","Male","Rural","192","23","215"
"39310367","GPS PASAIL","DEPALPUR","FARID KOT-MALE","Primary","Male","Rural","88","59","147"
"39310301","GPS ADDA SAHLOWAL","DEPALPUR","FARID KOT-MALE","Primary","Male","Rural","101","18","119"
"39310474","GPS RATTA KHANA","DEPALPUR","FARID KOT-MALE","Primary","Male","Rural","115","0","115"
"39310442","GPS NO.3 DEPAL PUR","DEPALPUR","FARID KOT-MALE","Primary","Male","Urban","154","48","202"
"39310365","GPS HAKAM SADHAR KEY","DEPALPUR","FARID KOT-MALE","Primary","Male","Rural","158","0","158"
"39310451","GES FARID KOT","DEPALPUR","FARID KOT-MALE","Middle","Male","Rural","317","255","572"
"39320622","GGCMS 16/4-L","OKARA","GASHKORI - FEMALE","Primary","Female","Rural","0","359","359"
"39320494","GGPS 53/3-R","OKARA","GASHKORI - FEMALE","Primary","Female","Rural","0","164","164"
"39320621","GGPS 18/4-L","OKARA","GASHKORI - FEMALE","Primary","Female","Rural","0","113","113"
"39320696","GGES CHAK NO. 44/3-R","OKARA","GASHKORI - FEMALE","Middle","Female","Rural","20","202","222"
"39320997","GGCMS 18/4-L","OKARA","GASHKORI - FEMALE","Primary","Female","Rural","87","193","280"
"39320478","GMPS GASHKORI ARAIAN","OKARA","GASHKORI - FEMALE","Primary","Female","Rural","60","62","122"
"39320691","GGES 46/3-R","OKARA","GASHKORI - FEMALE","Middle","Female","Rural","76","249","325"
"39320108","GGES CHAK NO.42/3-R SACHAN WALA","OKARA","GASHKORI - FEMALE","Middle","Female","Rural","109","160","269"
"39320434","GPS CHAK NO. 46/3-R","OKARA","GASHKORI - MALE","Primary","Male","Rural","56","0","56"
"39320218","GPS KOTHAY NOOR MUHAMMAD","OKARA","GASHKORI - MALE","Primary","Male","Rural","68","48","116"
"39320390","GPS CHAK NO. 43/ 3-R","OKARA","GASHKORI - MALE","Primary","Male","Rural","78","63","141"
"39320391","GPS CHAK NO. 43/3-R KARAM PUR","OKARA","GASHKORI - MALE","Primary","Male","Rural","77","52","129"
"39320399","GPS CHAK NO. 47/3-R","OKARA","GASHKORI - MALE","Primary","Male","Rural","125","0","125"
"39320398","GPS CHAK NO. 50/3-R","OKARA","GASHKORI - MALE","Primary","Male","Rural","174","0","174"
"39320375","GPS CHAK 13/4-L","OKARA","GASHKORI - MALE","Primary","Male","Rural","139","0","139"
"39320214","GPS CHAK 53/3-R","OKARA","GASHKORI - MALE","Primary","Male","Rural","164","0","164"
"39320406","GPS CHAK NO. 40/3-R","OKARA","GASHKORI - MALE","Primary","Male","Rural","225","0","225"
"39320388","GPS CHAK NO. 39/3-R","OKARA","GASHKORI - MALE","Primary","Male","Rural","509","0","509"
"39320213","GES CHAK 52/3-R","OKARA","GASHKORI - MALE","Middle","Male","Rural","498","0","498"
"39320508","GGPS BASTI ABDUL SATTAR","OKARA","GOGERA-FEMALE","Primary","Female","Rural","0","328","328"
"39320777","GGPS ARAZI SHANKAR DAS","OKARA","GOGERA-FEMALE","Primary","Female","Rural","4","259","263"
"39320492","GGPS THATHA MUSRERA","OKARA","GOGERA-FEMALE","Primary","Female","Rural","6","129","135"
"39320514","GGPS THATA SYEDAN","OKARA","GOGERA-FEMALE","Primary","Female","Rural","7","121","128"
"39320487","GGPS WAN ABDUL KAY","OKARA","GOGERA-FEMALE","Primary","Female","Rural","16","132","148"
"39320161","GGES GOGERA KHAS","OKARA","GOGERA-FEMALE","Middle","Female","Rural","57","350","407"
"39320500","GMPS 17/G.D","OKARA","GOGERA-FEMALE","Primary","Female","Rural","111","136","247"
"39320801","GPS LABHAY SHAH","OKARA","GOGERA-MALE","Primary","Male","Urban","102","26","128"
"39320186","GPS CHAK NO 31/G.D","OKARA","GOGERA-MALE","Primary","Male","Rural","102","5","107"
"39320079","GES JATHIANA","OKARA","GOGERA-MALE","Middle","Male","Rural","120","14","134"
"39320207","GPS THATHA WAHAB KA","OKARA","GOGERA-MALE","Primary","Male","Rural","80","57","137"
"39320843","GPS ADP CHAK NO. 30-A/G.D","OKARA","GOGERA-MALE","Primary","Male","Rural","70","59","129"
"39320210","GPS CHAK 33/G.D","OKARA","GOGERA-MALE","Primary","Male","Rural","60","0","60"
"39320170","GPS THATHA SYEDAN","OKARA","GOGERA-MALE","Primary","Male","Urban","132","0","132"
"39320195","GPS BAGHIANA PO SADDAR GOGERA","OKARA","GOGERA-MALE","Primary","Male","Rural","280","91","371"
"39320222","GPS THATHA MUSRAIRA","OKARA","GOGERA-MALE","Primary","Male","Rural","139","0","139"
"39320203","GPS THATHA ARAZI","OKARA","GOGERA-MALE","Primary","Male","Rural","226","0","226"
"39320078","GES ARAZI WADHAWA","OKARA","GOGERA-MALE","Middle","Male","Rural","287","0","287"
"39310159","GGES 2 SP CHANBA","DEPALPUR","HAVELI LAKHA - FEMALE","Middle","Female","Rural","0","293","293"
"39310715","GGES CHAK NO. 44/SP WALTOYA","DEPALPUR","HAVELI LAKHA - FEMALE","Middle","Female","Rural","0","355","355"
"39310656","GGES 43/SP KHURPA","DEPALPUR","HAVELI LAKHA - FEMALE","Middle","Female","Rural","0","233","233"
"39310145","GGES JAHNGIR ABAD","DEPALPUR","HAVELI LAKHA - FEMALE","Middle","Female","Rural","0","195","195"
"39310654","GGPS MAHTAY KI MAHTAB RAI","DEPALPUR","HAVELI LAKHA - FEMALE","Primary","Female","Rural","0","140","140"
"39310644","GGPS MAHMOONKAY NAO-ABAD","DEPALPUR","HAVELI LAKHA - FEMALE","Primary","Female","Rural","24","21","45"
"39311075","GGPS BAREET JAHANGIR","DEPALPUR","HAVELI LAKHA - FEMALE","Primary","Female","Rural","55","61","116"
"39310653","GGPS MATAN WALA","DEPALPUR","HAVELI LAKHA - FEMALE","Primary","Female","Rural","37","245","282"
"39310615","GGPS WARD NO.2 HAVELI","DEPALPUR","HAVELI LAKHA - FEMALE","Primary","Female","Urban","132","157","289"
"39310859","GPS SHAKOOR ABAD BASTI","DEPALPUR","HAVELI LAKHA - MALE","Primary","Male","Urban","63","3","66"
"39310871","GPS MATEY KAY MAHTAB RAI","DEPALPUR","HAVELI LAKHA - MALE","Primary","Male","Rural","154","0","154"
"39310470","GPS CHAK 44 SP WALTOHA","DEPALPUR","HAVELI LAKHA - MALE","Primary","Male","Rural","189","0","189"
"39310368","GPS MATAN WALA","DEPALPUR","HAVELI LAKHA - MALE","Primary","Male","Rural","189","0","189"
"39310354","GES HAVELI NO.2","DEPALPUR","HAVELI LAKHA - MALE","Middle","Male","Urban","344","12","356"
"39310078","GES NO.5 HAVELI LAKHA","DEPALPUR","HAVELI LAKHA - MALE","Middle","Male","Urban","808","3","811"
"39310355","GPS NO 3 HAVELI","DEPALPUR","HAVELI LAKHA - MALE","Primary","Male","Urban","423","0","423"
"39310146","GGES NIKI MANEKI","DEPALPUR","HEAD SULMAN KEY - FEMALE","Middle","Female","Rural","0","220","220"
"39310647","GGPS SODI KAY","DEPALPUR","HEAD SULMAN KEY - FEMALE","Primary","Female","Rural","17","96","113"
"39310635","GGES THAKER KA MAKHNA","DEPALPUR","HEAD SULMAN KEY - FEMALE","Middle","Female","Rural","53","87","140"
"39310155","GGES BHIDAL OTTAR","DEPALPUR","HEAD SULMAN KEY - FEMALE","Middle","Female","Rural","75","137","212"
"39310152","GGES FARID PUR SUHAG","DEPALPUR","HEAD SULMAN KEY - FEMALE","Middle","Female","Rural","37","182","219"
"39310652","GGPS HARIKEY NAU ABAD","DEPALPUR","HEAD SULMAN KEY - FEMALE","Primary","Female","Rural","69","52","121"
"39310523","GGES MAHANAT DARSHAN","DEPALPUR","HEAD SULMAN KEY - FEMALE","Middle","Female","Rural","55","206","261"
"39310679","GGPS MEHTAB GARH","DEPALPUR","HEAD SULMAN KEY - FEMALE","Primary","Female","Rural","51","55","106"
"39310658","GGPS PATHAN KOT","DEPALPUR","HEAD SULMAN KEY - FEMALE","Primary","Female","Rural","60","90","150"
"39310649","GGPS DAULA BARKHAN","DEPALPUR","HEAD SULMAN KEY - FEMALE","Primary","Female","Rural","52","90","142"
"39310394","GPS SOJAY KAY","DEPALPUR","HEAD SULMAN KEY - MALE","Primary","Male","Rural","96","64","160"
"39310407","GPS ADLI KAY SOHAG","DEPALPUR","HEAD SULMAN KEY - MALE","Primary","Male","Rural","94","49","143"
"39310089","GES JAWAYA BALOCH","DEPALPUR","HEAD SULMAN KEY - MALE","Middle","Male","Rural","255","0","255"
"39310084","GES HEAD SULEMANKI","DEPALPUR","HEAD SULMAN KEY - MALE","Middle","Male","Rural","305","0","305"
"39310395","GES NIKI MANEKI","DEPALPUR","HEAD SULMAN KEY - MALE","Middle","Male","Rural","349","0","349"
"39310552","GGES SHAH PUR","DEPALPUR","HUJRA SHAH MUQEEM - FEMALE","Middle","Female","Rural","0","376","376"
"39310537","GGPS KOT MUHAMMAD HUSSAIN (HUJRA)","DEPALPUR","HUJRA SHAH MUQEEM - FEMALE","Primary","Female","Urban","0","189","189"
"39310566","GGES NAI ABADI HUJRA","DEPALPUR","HUJRA SHAH MUQEEM - FEMALE","Middle","Female","Urban","0","341","341"
"39311009","GGES ROHILA MAITLA","DEPALPUR","HUJRA SHAH MUQEEM - FEMALE","Middle","Female","Rural","0","191","191"
"39310570","GGPS BUTTIAN","DEPALPUR","HUJRA SHAH MUQEEM - FEMALE","Primary","Female","Rural","22","100","122"
"39311070","GGPS SARAY AMIR SINGH","DEPALPUR","HUJRA SHAH MUQEEM - FEMALE","Primary","Female","Rural","11","40","51"
"39310550","GMPS JALLU JHUGIAN NO. 1","DEPALPUR","HUJRA SHAH MUQEEM - FEMALE","Primary","Female","Urban","52","62","114"
"39311071","GGPS LALAY WALA","DEPALPUR","HUJRA SHAH MUQEEM - FEMALE","Primary","Female","Rural","50","83","133"
"39310759","GGCMS BAHLOL PUR","DEPALPUR","HUJRA SHAH MUQEEM - FEMALE","Primary","Female","Rural","61","264","325"
"39310134","GGES KOT SHAH MUSHTAQ","DEPALPUR","HUJRA SHAH MUQEEM - FEMALE","Middle","Female","Rural","58","271","329"
"39310536","GGPS PIRWONA WAQIA NEHRI KOTHI","DEPALPUR","HUJRA SHAH MUQEEM - FEMALE","Primary","Female","Urban","52","128","180"
"39310538","GGPS QILA NAGWAR DAKHLI HUJRA","DEPALPUR","HUJRA SHAH MUQEEM - FEMALE","Primary","Female","Urban","72","154","226"
"39310238","GPS ADHO PARI","DEPALPUR","HUJRA SHAH MUQEEM - MALE","Primary","Male","Rural","52","64","116"
"39310258","GES LALEY WALA","DEPALPUR","HUJRA SHAH MUQEEM - MALE","Middle","Male","Rural","157","61","218"
"39310244","GPS MALI SINGH","DEPALPUR","HUJRA SHAH MUQEEM - MALE","Primary","Male","Rural","92","30","122"
"39310239","GPS BHALOOL PUR","DEPALPUR","HUJRA SHAH MUQEEM - MALE","Primary","Male","Rural","160","7","167"
"39310235","GPS SARAY AMIR SINGH","DEPALPUR","HUJRA SHAH MUQEEM - MALE","Primary","Male","Rural","257","113","370"
"39310230","GPS KOT MUHAMMAD HUSSAIN (HUJRA)","DEPALPUR","HUJRA SHAH MUQEEM - MALE","Primary","Male","Urban","262","2","264"
"39310229","GPS PIR VONA","DEPALPUR","HUJRA SHAH MUQEEM - MALE","Primary","Male","Rural","298","0","298"
"39310228","GPS MADINA MOSQUE HUJRA","DEPALPUR","HUJRA SHAH MUQEEM - MALE","Primary","Male","Rural","256","1","257"
"39310069","GPS NO. 1 HUJRA","DEPALPUR","HUJRA SHAH MUQEEM - MALE","Primary","Male","Urban","752","0","752"
"39320110","GGES MEERAK","OKARA","JABOOKA - FEMALE","Middle","Female","Rural","0","323","323"
"39330679","GGPS CHAK NO. 17/1-R","OKARA","JABOOKA - FEMALE","Primary","Female","Rural","0","238","238"
"39320702","GGPS CHAK NO.15/G.D","OKARA","JABOOKA - FEMALE","Primary","Female","Rural","0","117","117"
"39320520","GGPS 27/G.D","OKARA","JABOOKA - FEMALE","Primary","Female","Rural","3","295","298"
"39320707","GGPS LAHI FAZAL SHAH","OKARA","JABOOKA - FEMALE","Primary","Female","Rural","5","103","108"
"39320749","GGPS JABOKA NO.1","OKARA","JABOOKA - FEMALE","Primary","Female","Rural","22","26","48"
"39320723","GGES KHUSHI MUHAMMAD 16/G.D","OKARA","JABOOKA - FEMALE","Middle","Female","Rural","23","221","244"
"39320750","GGPS CHAK JOOTA / TARIQ ABAD","OKARA","JABOOKA - FEMALE","Primary","Female","Rural","21","89","110"
"39320511","GMPS 13G.D","OKARA","JABOOKA - FEMALE","Primary","Female","Rural","69","98","167"
"39320450","GES CHAK NO. 15/G.D","OKARA","JABOOKA - MALE","Middle","Male","Rural","160","0","160"
"39320451","GPS LAHI FAZAL SHAH","OKARA","JABOOKA - MALE","Primary","Male","Rural","71","0","71"
"39320187","GPS WAN LAKHA NO 2","OKARA","JABOOKA - MALE","Primary","Male","Rural","62","68","130"
"39320421","GPS BASTI KARAM CHAND","OKARA","JABOOKA - MALE","Primary","Male","Rural","99","80","179"
"39320188","GPS FATTU ANA","OKARA","JABOOKA - MALE","Primary","Male","Rural","88","51","139"
"39330415","GPS CHAK NO. 17/1-R","OKARA","JABOOKA - MALE","Primary","Male","Rural","147","0","147"
"39320201","GPS CHAK 25/G.D","OKARA","JABOOKA - MALE","Primary","Male","Rural","131","0","131"
"39320199","GES CHAK 36-A/G.D","OKARA","JABOOKA - MALE","Middle","Male","Rural","196","0","196"
"39310559","GGPS BUKKAN","DEPALPUR","JAITH PUR - FEMALE","Primary","Female","Rural","0","319","319"
"39310542","GGPS BHATTI NAGAR","DEPALPUR","JAITH PUR - FEMALE","Primary","Female","Rural","0","257","257"
"39310573","GGES QADIR ABAD","DEPALPUR","JAITH PUR - FEMALE","Middle","Female","Rural","0","321","321"
"39310571","GGPS KANDO WAL WANAIK","DEPALPUR","JAITH PUR - FEMALE","Primary","Female","Rural","0","126","126"
"39310524","GGES JAITH PUR","DEPALPUR","JAITH PUR - FEMALE","Middle","Female","Rural","2","416","418"
"39311050","GGES AMLI KAY ATHER SHAH","DEPALPUR","JAITH PUR - FEMALE","Middle","Female","Rural","14","42","56"
"39310543","GGPS MAHROOK KALAN","DEPALPUR","JAITH PUR - FEMALE","Primary","Female","Rural","7","211","218"
"39310593","GGPS PIR HAYAT","DEPALPUR","JAITH PUR - FEMALE","Primary","Female","Rural","15","105","120"
"39310135","GGES HANIF NAGAR","DEPALPUR","JAITH PUR - FEMALE","Middle","Female","Rural","29","132","161"
"39311037","GMPS MAHLA BUKKAN","DEPALPUR","JAITH PUR - FEMALE","Primary","Female","Rural","76","117","193"
"39310483","GGPS VIROOWAL","DEPALPUR","JAITH PUR - FEMALE","Primary","Female","Rural","41","49","90"
"39310277","GPS DARGAN","DEPALPUR","JAITH PUR - MALE","Primary","Male","Rural","77","86","163"
"39310280","GPS QUTAB PURA","DEPALPUR","JAITH PUR - MALE","Primary","Male","Rural","66","68","134"
"39310243","GES MAHROOK KALAN","DEPALPUR","JAITH PUR - MALE","Middle","Male","Rural","116","0","116"
"39310198","GPS QILA SADA SINGH","DEPALPUR","JAITH PUR - MALE","Primary","Male","Rural","103","87","190"
"39310187","GPS KALASSAN PARAMAL","DEPALPUR","JAITH PUR - MALE","Primary","Male","Rural","141","71","212"
"39310237","GPS JASSO KAY GURDITTA","DEPALPUR","JAITH PUR - MALE","Primary","Male","Rural","259","0","259"
"39310125","GGES DHULIANA","DEPALPUR","JAN PURA   -FEMALE","Middle","Female","Rural","0","302","302"
"39310971","GGCMS RAM PRASHAD","DEPALPUR","JAN PURA   -FEMALE","Primary","Female","Rural","0","141","141"
"39311010","GGES WAJHLANA","DEPALPUR","JAN PURA   -FEMALE","Middle","Female","Rural","0","130","130"
"39310568","GGES JHUJH KHURD","DEPALPUR","JAN PURA   -FEMALE","Middle","Female","Rural","0","142","142"
"39310138","GGES KHARAL KALAN","DEPALPUR","JAN PURA   -FEMALE","Middle","Female","Rural","0","201","201"
"39310586","GMPS JANDRAN KHURD","DEPALPUR","JAN PURA   -FEMALE","Primary","Female","Rural","44","82","126"
"39310982","GGPS JANDARAN KALAN","DEPALPUR","JAN PURA   -FEMALE","Primary","Female","Rural","18","53","71"
"39310597","GGPS JAN PURA","DEPALPUR","JAN PURA   -FEMALE","Primary","Female","Rural","30","41","71"
"39310545","GGPS CHISHTI SHAM DIN","DEPALPUR","JAN PURA   -FEMALE","Primary","Female","Rural","23","96","119"
"39310136","GGES JHUJ KALAN","DEPALPUR","JAN PURA   -FEMALE","Middle","Female","Rural","47","67","114"
"39310520","GGES KHAJOOR WALA","DEPALPUR","JAN PURA   -FEMALE","Middle","Female","Rural","37","99","136"
"39310598","GMPS FATIANA","DEPALPUR","JAN PURA   -FEMALE","Primary","Female","Rural","81","89","170"
"39310807","GMMS KALIA IBRAHIM","DEPALPUR","JAN PURA-MALE","sMosque","Male","Rural","67","40","107"
"39310782","GPS CHAK NO. 22/D","DEPALPUR","JAN PURA-MALE","Primary","Male","Rural","52","57","109"
"39310293","GPS JAN PURA","DEPALPUR","JAN PURA-MALE","Primary","Male","Rural","86","111","197"
"39310294","GPS CHISHTI SHAM DIN","DEPALPUR","JAN PURA-MALE","Primary","Male","Rural","122","13","135"
"39310270","GPS BATTIAN RAJOWAL","DEPALPUR","JAN PURA-MALE","Primary","Male","Rural","141","124","265"
"39310284","GPS CHAK 24-D","DEPALPUR","JAN PURA-MALE","Primary","Male","Rural","239","0","239"
"39310305","GPS JHUGIAN REHMOON","DEPALPUR","JAN PURA-MALE","Primary","Male","Rural","141","154","295"
"39311021","GPS CHAK NO. 25/D","DEPALPUR","JAN PURA-MALE","Primary","Male","Rural","141","0","141"
"39320160","GGES JOYIA","OKARA","JOIYA - FEMALE","Middle","Female","Rural","0","280","280"
"39320149","GGES CHAK NO. 12/1-R","OKARA","JOIYA - FEMALE","Middle","Female","Rural","0","315","315"
"39320742","GGES 11/G.D KALAPUR","OKARA","JOIYA - FEMALE","Middle","Female","Rural","0","241","241"
"39320738","GGPS 10/G.D JORA","OKARA","JOIYA - FEMALE","Primary","Female","Rural","0","119","119"
"39320773","GMPS CHAK NO. 16/1-R SLAMAT RAI","OKARA","JOIYA - FEMALE","Primary","Female","Rural","23","33","56"
"39320765","GGPS SHERKAY ZAREEN","OKARA","JOIYA - FEMALE","Primary","Female","Rural","5","131","136"
"39331030","GGPS 14/1-R","OKARA","JOIYA - FEMALE","Primary","Female","Rural","11","140","151"
"39320740","GGPS 11/G.D BUDHAY WALA","OKARA","JOIYA - FEMALE","Primary","Female","Rural","14","40","54"
"39320771","GGES CHAK NO. 15/1-R","OKARA","JOIYA - FEMALE","Middle","Female","Rural","39","299","338"
"39320772","GGPS CHAK NO. 16/1-R TEHSILDAR WALA","OKARA","JOIYA - FEMALE","Primary","Female","Rural","50","59","109"
"39320727","GGPS DOLLA","OKARA","JOIYA - FEMALE","Primary","Female","Rural","45","64","109"
"39320770","GMPS CHAK NO. 11/1-R","OKARA","JOIYA - FEMALE","Primary","Female","Rural","94","109","203"
"39320338","GPS KOT SULTAN PUR","OKARA","JOYIA","Primary","Male","Rural","65","8","73"
"39320322","GPS NAUL","OKARA","JOYIA","Primary","Male","Rural","84","55","139"
"39320445","GPS CHAK NO. 15/1-R","OKARA","JOYIA","Primary","Male","Rural","124","2","126"
"39320323","GPS CHAK 10/G.D","OKARA","JOYIA","Primary","Male","Rural","105","0","105"
"39320347","GPS 11/G.D KALAPUR","OKARA","JOYIA","Primary","Male","Rural","169","0","169"
"39320337","GPS JASSO KE KALASON","OKARA","JOYIA","Primary","Male","Rural","126","0","126"
"39320784","GGES 35/2-L","OKARA","KARMAN WALA - FEMALE","Middle","Female","Rural","0","217","217"
"39320789","GGPS 29/2-L","OKARA","KARMAN WALA - FEMALE","Primary","Female","Rural","0","212","212"
"39320788","GGES 34/2-L","OKARA","KARMAN WALA - FEMALE","Middle","Female","Rural","0","215","215"
"39320603","GGPS 50/2-L","OKARA","KARMAN WALA - FEMALE","Primary","Female","Rural","0","163","163"
"39320605","GGPS SARAI KALASAN","OKARA","KARMAN WALA - FEMALE","Primary","Female","Rural","0","137","137"
"39320787","GGPS 31/2-L BASTI NAWAB WALA","OKARA","KARMAN WALA - FEMALE","Primary","Female","Rural","21","19","40"
"39320604","GGPS 49-A/2.L","OKARA","KARMAN WALA - FEMALE","Primary","Female","Rural","63","54","117"
"39320167","GGES 45/2-L","OKARA","KARMAN WALA - FEMALE","Middle","Female","Rural","63","250","313"
"39320606","GGES 47/2-L","OKARA","KARMAN WALA - FEMALE","Middle","Female","Rural","38","117","155"
"39320607","GMPS 47/2-L MOMAN WALA","OKARA","KARMAN WALA - FEMALE","Primary","Female","Rural","49","70","119"
"39320608","GGPS 48/2-L","OKARA","KARMAN WALA - FEMALE","Primary","Female","Rural","67","97","164"
"39320612","GMPS 46/2-L","OKARA","KARMAN WALA - FEMALE","Primary","Female","Rural","100","126","226"
"39320614","GMPS 33/2-L","OKARA","KARMAN WALA - FEMALE","Primary","Female","Rural","125","205","330"
"39320358","GPS 48/2-L","OKARA","KARMAN WALA - MALE","Primary","Male","Rural","17","7","24"
"39320892","GPS CHAK NO. 31/2-L","OKARA","KARMAN WALA - MALE","Primary","Male","Rural","63","59","122"
"39330394","GPS CHAK NO. 25/2-R DHOLAN SHAH","OKARA","KARMAN WALA - MALE","Primary","Male","Rural","91","25","116"
"39320362","GPS SARAI KALASAN","OKARA","KARMAN WALA - MALE","Primary","Male","Rural","146","0","146"
"39320373","GPS CHAK 50/2-L","OKARA","KARMAN WALA - MALE","Primary","Male","Rural","110","7","117"
"39320370","GPS CHAK 55/2.L","OKARA","KARMAN WALA - MALE","Primary","Male","Rural","152","41","193"
"39320364","GPS CHAK 34/2-L","OKARA","KARMAN WALA - MALE","Primary","Male","Rural","131","0","131"
"39330393","GPS CHAK NO. 24/2-R","OKARA","KARMAN WALA - MALE","Primary","Male","Rural","261","0","261"
"39320353","GES 51/2-L","OKARA","KARMAN WALA - MALE","Middle","Male","Rural","416","0","416"
"39320355","GES 53/2-L","OKARA","KARMAN WALA - MALE","Middle","Male","Rural","640","0","640"
"39320372","GPS 49/2-L","OKARA","KARMAN WALA - MALE","Primary","Male","Rural","406","0","406"
"39320609","GGES CHAK NO. 27/2-L","RENALA KHURD","KISAN-FEMALE","Middle","Female","Rural","0","347","347"
"39330783","GGES 28/2L","RENALA KHURD","KISAN-FEMALE","Middle","Female","Rural","0","321","321"
"39330575","GGPS 7-1L","RENALA KHURD","KISAN-FEMALE","Primary","Female","Rural","0","158","158"
"39330579","GGCMS CHAK NO. 15/1-L","RENALA KHURD","KISAN-FEMALE","Primary","Female","Rural","1","204","205"
"39330572","GGPS 3-1L","RENALA KHURD","KISAN-FEMALE","Primary","Female","Rural","4","195","199"
"39330581","GGPS 17-1L","RENALA KHURD","KISAN-FEMALE","Primary","Female","Rural","9","180","189"
"39330576","GGPS 8/1L","RENALA KHURD","KISAN-FEMALE","Primary","Female","Rural","7","120","127"
"39330126","GGES CHAK NO. 4/1-L","RENALA KHURD","KISAN-FEMALE","Middle","Female","Rural","25","236","261"
"39330128","GGES 13/1-L","RENALA KHURD","KISAN-FEMALE","Middle","Female","Rural","25","243","268"
"39330573","GGPS 5-1L","RENALA KHURD","KISAN-FEMALE","Primary","Female","Rural","16","62","78"
"39330578","GGES 11/1-L","RENALA KHURD","KISAN-FEMALE","Middle","Female","Rural","59","204","263"
"39330577","GGCMES CHAK NO. 9/1-L","RENALA KHURD","KISAN-FEMALE","Middle","Female","Rural","83","297","380"
"39320610","GMPS 26 2L","RENALA KHURD","KISAN-FEMALE","Primary","Female","Rural","88","158","246"
"39310493","GGES HAJI CHAND VILLAGE","DEPALPUR","MANDI AHMAD ABAD - FEMALE","Middle","Female","Rural","0","313","313"
"39310515","GGES BONGA KHAN SINGH","DEPALPUR","MANDI AHMAD ABAD - FEMALE","Middle","Female","Rural","0","221","221"
"39310494","GGPS HAJI CHAND STATION","DEPALPUR","MANDI AHMAD ABAD - FEMALE","Primary","Female","Rural","0","212","212"
"39310121","GGES MOJOO KI","DEPALPUR","MANDI AHMAD ABAD - FEMALE","Middle","Female","Rural","3","200","203"
"39310502","GGPS DOGRAY","DEPALPUR","MANDI AHMAD ABAD - FEMALE","Primary","Female","Rural","3","341","344"
"39310117","GGES BHEELA GULAB SINGH","DEPALPUR","MANDI AHMAD ABAD - FEMALE","Middle","Female","Rural","12","116","128"
"39310518","GGPS BONGA SAHBA","DEPALPUR","MANDI AHMAD ABAD - FEMALE","Primary","Female","Rural","58","208","266"
"39310488","GGCMS TIBBA TUGHRAIL","DEPALPUR","MANDI AHMAD ABAD - FEMALE","Primary","Female","Urban","101","316","417"
"39310506","GMPS PHULLAR WAN CHRAGH","DEPALPUR","MANDI AHMAD ABAD - FEMALE","Primary","Female","Rural","64","69","133"
"39310484","GGPS MANDI AHMED ABAD","DEPALPUR","MANDI AHMAD ABAD - FEMALE","Primary","Female","Urban","42","213","255"
"39310505","GGES JHANG ABDULLAH SHAH","DEPALPUR","MANDI AHMAD ABAD - FEMALE","Middle","Female","Rural","73","145","218"
"39310213","GPS JALAN WALI","DEPALPUR","MANDI AHMAD ABAD - MALE","Primary","Male","Rural","93","25","118"
"39310763","GPS NAI ABADI TUGHRAIL","DEPALPUR","MANDI AHMAD ABAD - MALE","Primary","Male","Rural","145","71","216"
"39310214","GPS MOJO KAY","DEPALPUR","MANDI AHMAD ABAD - MALE","Primary","Male","Rural","103","9","112"
"39310768","GPS ADP STATION HAJI CHAND","DEPALPUR","MANDI AHMAD ABAD - MALE","Primary","Male","Rural","121","0","121"
"39310215","GPS LAKHU MALKANA","DEPALPUR","MANDI AHMAD ABAD - MALE","Primary","Male","Rural","100","69","169"
"39310211","GPS KOTHI NAHAR AHAMD ABAD","DEPALPUR","MANDI AHMAD ABAD - MALE","Primary","Male","Rural","241","1","242"
"39310191","GPS BUNGA KHAN SINGH","DEPALPUR","MANDI AHMAD ABAD - MALE","Primary","Male","Rural","246","0","246"
"39310212","GES HAJI CHAND","DEPALPUR","MANDI AHMAD ABAD - MALE","Middle","Male","Rural","302","0","302"
"39310182","GPS ISLAMIA AHMED ABAD","DEPALPUR","MANDI AHMAD ABAD - MALE","Primary","Male","Urban","204","0","204"
"39310181","GES MANDI AHMAD ABAD","DEPALPUR","MANDI AHMAD ABAD - MALE","Middle","Male","Urban","736","0","736"
"39310055","GES TIBBA TUGHRAIL","DEPALPUR","MANDI AHMAD ABAD - MALE","Middle","Male","Urban","697","0","697"
"39320752","GGPS CHAK JASSOKEY KALASON","OKARA","MAROOLA SHARIF-FEMALE","Primary","Female","Rural","0","141","141"
"39320721","GGPS LAHI ZAREEN","OKARA","MAROOLA SHARIF-FEMALE","Primary","Female","Rural","31","37","68"
"39320597","GGES MAROOLA SHARIF","OKARA","MAROOLA SHARIF-FEMALE","Middle","Female","Rural","1","269","270"
"39320596","GGPS SHER KAY BALA","OKARA","MAROOLA SHARIF-FEMALE","Primary","Female","Urban","2","76","78"
"39320746","GGES KOT SULTAN PUR","OKARA","MAROOLA SHARIF-FEMALE","Middle","Female","Rural","23","125","148"
"39320743","GGPS NAWAB CHAKAR KAY","OKARA","MAROOLA SHARIF-FEMALE","Primary","Female","Rural","19","36","55"
"39320744","GGPS ABADI SHER DAKHLI MANGAN","OKARA","MAROOLA SHARIF-FEMALE","Primary","Female","Rural","52","57","109"
"39320739","GGCMS MANGAN","OKARA","MAROOLA SHARIF-FEMALE","Primary","Female","Rural","40","73","113"
"39320873","GMMS NAWAB CHAKAR KE","OKARA","MAROOLA SHARIF-MALE","sMosque","Male","Rural","8","6","14"
"39320312","GPS SHER KAY BALA","OKARA","MAROOLA SHARIF-MALE","Primary","Male","Rural","76","12","88"
"39320869","GPS THATHA BHARWANA","OKARA","MAROOLA SHARIF-MALE","Primary","Male","Rural","59","51","110"
"39320316","GPS UTHWAL CHAKAR KAY","OKARA","MAROOLA SHARIF-MALE","Primary","Male","Rural","80","38","118"
"39320308","GPS JHANDU MAUNG","OKARA","MAROOLA SHARIF-MALE","Primary","Male","Rural","113","6","119"
"39320953","GPS BONGA KHARAK SINGH","OKARA","MAROOLA SHARIF-MALE","Primary","Male","Rural","92","70","162"
"39320330","GPS MAROOLA","OKARA","MAROOLA SHARIF-MALE","Primary","Male","Rural","172","0","172"
"39320139","GGES 5/4-L","OKARA","OKARA SADAR - FEMALE","Middle","Female","Urban","0","1086","1086"
"39320999","GGES FAISAL COLONY OKARA","OKARA","OKARA SADAR - FEMALE","Middle","Female","Urban","0","519","519"
"39320109","GGES 2/4-L","OKARA","OKARA SADAR - FEMALE","Middle","Female","Urban","0","387","387"
"39321033","GGPS QADIR COLONY","OKARA","OKARA SADAR - FEMALE","Primary","Female","Urban","0","247","247"
"39320654","GGPS GHAFOOR COLONY OKARA","OKARA","OKARA SADAR - FEMALE","Primary","Female","Urban","0","270","270"
"39320618","GGPS 5-A/4.L","OKARA","OKARA SADAR - FEMALE","Primary","Female","Rural","55","56","111"
"39320652","GGPS MODEL TOWN","OKARA","OKARA SADAR - FEMALE","Primary","Female","Urban","65","74","139"
"39320998","GGPS SABIR PIA TOWN OKARA","OKARA","OKARA SADAR - FEMALE","Primary","Female","Urban","81","195","276"
"39321008","GGCMS 1/4-L","OKARA","OKARA SADAR - FEMALE","Primary","Female","Urban","90","165","255"
"39320961","GGPS MC SINDHO COLONY","OKARA","OKARA SADAR - FEMALE","Primary","Female","Urban","84","107","191"
"39320659","GGPS HUSSAIN COLONY","OKARA","OKARA SADAR - FEMALE","Primary","Female","Urban","100","121","221"
"39320653","GMPS BASTI REHMAT PURA","OKARA","OKARA SADAR - FEMALE","Primary","Female","Urban","206","236","442"
"39320432","GPS TALEEM-UL-ISLAM","OKARA","OKARA SADAR - MALE","Primary","Male","Urban","62","30","92"
"39320965","GES MC LALAZAR COLONY","OKARA","OKARA SADAR - MALE","Middle","Male","Urban","365","109","474"
"39320384","GPS AZEEM ABAD , OKARA","OKARA","OKARA SADAR - MALE","Primary","Male","Urban","182","0","182"
"39320967","GPS MC QARI COLONY","OKARA","OKARA SADAR - MALE","Primary","Male","Urban","173","94","267"
"39320381","GPS SIDDIQUE NAGAR","OKARA","OKARA SADAR - MALE","Primary","Male","Urban","268","0","268"
"39320964","GPS MC GHAZI ABAD","OKARA","OKARA SADAR - MALE","Primary","Male","Urban","228","0","228"
"39320382","GPS SABRI COLONY","OKARA","OKARA SADAR - MALE","Primary","Male","Urban","236","0","236"
"39320400","GPS CHAK NO. 2/4-L","OKARA","OKARA SADAR - MALE","Primary","Male","Urban","187","0","187"
"39320101","GES CHAK 5/4-L","OKARA","OKARA SADAR - MALE","Middle","Male","Urban","838","0","838"
"39320385","GPS QADIR COLONY OKARA","OKARA","OKARA SADAR - MALE","Primary","Male","Urban","322","1","323"
"39310169","GGES DEPALPUR NO 3","DEPALPUR","PIPLI PAHAR - FEMALE","Middle","Female","Urban","0","540","540"
"39310521","GGCMS QILA TARA SINGH","DEPALPUR","PIPLI PAHAR - FEMALE","Primary","Female","Rural","0","339","339"
"39310721","GGPS CHAK NO. 55/D","DEPALPUR","PIPLI PAHAR - FEMALE","Primary","Female","Rural","0","161","161"
"39310708","GGPS NAHRAN WALA","DEPALPUR","PIPLI PAHAR - FEMALE","Primary","Female","Rural","0","196","196"
"39310707","GGPS DIARAM KALAN","DEPALPUR","PIPLI PAHAR - FEMALE","Primary","Female","Rural","35","48","83"
"39310964","GGPS DAYARAM KHURD","DEPALPUR","PIPLI PAHAR - FEMALE","Primary","Female","Rural","50","63","113"
"39310727","GGPS CHAK NO.47 D","DEPALPUR","PIPLI PAHAR - FEMALE","Primary","Female","Rural","43","159","202"
"39310726","GGPS 47 D JEEWAN WALA","DEPALPUR","PIPLI PAHAR - FEMALE","Primary","Female","Rural","53","63","116"
"39310758","GGCMES MIRZA PUR","DEPALPUR","PIPLI PAHAR - FEMALE","Middle","Female","Rural","57","175","232"
"39310699","GMPS CHAK NO.48 D","DEPALPUR","PIPLI PAHAR - FEMALE","Primary","Female","Rural","83","242","325"
"39310725","GMPS CHAK NO. 56/AD","DEPALPUR","PIPLI PAHAR - FEMALE","Primary","Female","Rural","134","151","285"
"39310900","GPS KOT BHATTIAN","DEPALPUR","PIPLI PAHAR - MALE","Primary","Male","Urban","69","47","116"
"39310419","GPS PIPLI PAHAR","DEPALPUR","PIPLI PAHAR - MALE","Primary","Male","Rural","112","0","112"
"39310433","GPS DIYA RAAM","DEPALPUR","PIPLI PAHAR - MALE","Primary","Male","Rural","86","40","126"
"39310414","GPS CHAK NO.47-D","DEPALPUR","PIPLI PAHAR - MALE","Primary","Male","Rural","115","0","115"
"39310446","GPS CHAK NO.39 D","DEPALPUR","PIPLI PAHAR - MALE","Primary","Male","Rural","239","0","239"
"39310298","GPS CHAK NO. 37/D","DEPALPUR","PIPLI PAHAR - MALE","Primary","Male","Rural","192","0","192"
"39310448","GPS SOBHA RAAM","DEPALPUR","PIPLI PAHAR - MALE","Primary","Male","Rural","239","0","239"
"39310409","GPS NO.4 DEPALPUR","DEPALPUR","PIPLI PAHAR - MALE","Primary","Male","Urban","294","0","294"
"39320369","GES CHAK NO 27/2-L","RENALA KHURD","PULL JORIAN - MALE","Middle","Male","Rural","310","0","310"
"39330263","GPS CHAK 9/I.L","RENALA KHURD","PULL JORIAN - MALE","Primary","Male","Rural","70","25","95"
"39330268","GPS CHAK 3/1-L","RENALA KHURD","PULL JORIAN - MALE","Primary","Male","Rural","111","3","114"
"39330264","GPS CHAK NO.10/1-L","RENALA KHURD","PULL JORIAN - MALE","Primary","Male","Rural","125","19","144"
"39330086","GES 32/1-AL","RENALA KHURD","PULL JORIAN - MALE","Middle","Male","Rural","213","0","213"
"39330265","GPS CHAK 11/IL","RENALA KHURD","PULL JORIAN - MALE","Primary","Male","Rural","73","0","73"
"39330253","GPS CHAK NO 13/1L","RENALA KHURD","PULL JORIAN - MALE","Primary","Male","Rural","177","0","177"
"39330269","GPS CHAK NO. 5/1-L","RENALA KHURD","PULL JORIAN - MALE","Primary","Male","Rural","209","128","337"
"39330254","GPS CHAK NO 14/1L","RENALA KHURD","PULL JORIAN - MALE","Primary","Male","Rural","226","0","226"
"39310295","GPS RAM PERSHAD","DEPALPUR","QADIR ABAD-MALE","Primary","Male","Rural","117","8","125"
"39310276","GPS PIR HAYAT","DEPALPUR","QADIR ABAD-MALE","Primary","Male","Rural","111","5","116"
"39310197","GPS JUGIAN HAMOON","DEPALPUR","QADIR ABAD-MALE","Primary","Male","Rural","129","103","232"
"39310282","GPS DAHAR","DEPALPUR","QADIR ABAD-MALE","Primary","Male","Rural","148","105","253"
"39310093","GES JHUGHIAN MAROOK","DEPALPUR","QADIR ABAD-MALE","Middle","Male","Rural","242","43","285"
"39310252","GES QADIR ABAD","DEPALPUR","QADIR ABAD-MALE","Middle","Male","Rural","351","0","351"
"39320512","GGPS 35/G.D","OKARA","RAVI-FEMALE","Primary","Female","Rural","0","187","187"
"39320688","GMES 49-A/3-R","OKARA","RAVI-FEMALE","Middle","Female","Rural","63","76","139"
"39320528","GGPS WAN LAKHA","OKARA","RAVI-FEMALE","Primary","Female","Rural","35","113","148"
"39320112","GGES 34/G.D","OKARA","RAVI-FEMALE","Middle","Female","Rural","79","202","281"
"39320473","GMPS 30/G.D","OKARA","RAVI-FEMALE","Primary","Female","Rural","93","223","316"
"39320493","GGPS DELO WATTO (RIAZ ABAD)","OKARA","RAVI-FEMALE","Primary","Female","Rural","84","90","174"
"39320498","GMPS DHOLI KHICHI","OKARA","RAVI-FEMALE","Primary","Female","Rural","83","89","172"
"39320523","GMPS HAMLANIA","OKARA","RAVI-FEMALE","Primary","Female","Rural","110","105","215"
"39331009","GGCMS 18/1-L","RENALA KHURD","RENALA KHURD - FEMALE","Middle","Female","Rural","0","624","624"
"39320774","GGPS CHAK NO.14-A/1R HAIDER PURA","RENALA KHURD","RENALA KHURD - FEMALE","Primary","Female","Rural","0","252","252"
"39330685","GGPS CHAK NO. 23/1-RB","RENALA KHURD","RENALA KHURD - FEMALE","Primary","Female","Rural","0","133","133"
"39330546","GGES BASTI RAHIM BAKHSH","RENALA KHURD","RENALA KHURD - FEMALE","Middle","Female","Urban","2","438","440"
"39330123","GGES CHAK NO. 19/1-L","RENALA KHURD","RENALA KHURD - FEMALE","Middle","Female","Rural","63","166","229"
"39330545","GGPS GULZAR E MUSTAFA","RENALA KHURD","RENALA KHURD - FEMALE","Primary","Female","Urban","50","71","121"
"39330728","GGPS CHAK NO. 20/1-RB","RENALA KHURD","RENALA KHURD - FEMALE","Primary","Female","Rural","89","99","188"
"39330662","GGPS CHAK NO. 22/1-RB","RENALA KHURD","RENALA KHURD - FEMALE","Primary","Female","Rural","60","62","122"
"39330547","GGPS BASTI HAZOOR RENALA KHURD","RENALA KHURD","RENALA KHURD - FEMALE","Primary","Female","Urban","117","120","237"
"39330548","GMPS 20 A-2L  (ALEEM TOWN)","RENALA KHURD","RENALA KHURD - FEMALE","Primary","Female","Urban","182","223","405"
"39330252","GPS CHAK NO 19/1L","RENALA KHURD","RENALA KHURD - MALE","Primary","Male","Rural","84","27","111"
"39330413","GPS CHAK NO. 23/1-RB","RENALA KHURD","RENALA KHURD - MALE","Primary","Male","Rural","111","0","111"
"39330411","GPS CHAK NO. 21/1-RB","RENALA KHURD","RENALA KHURD - MALE","Primary","Male","Rural","103","25","128"
"39330230","GPS MUSLIM TOWN RENALA KHURD","RENALA KHURD","RENALA KHURD - MALE","Primary","Male","Urban","98","30","128"
"39330256","GPS CHAK NO 16/1L","RENALA KHURD","RENALA KHURD - MALE","Primary","Male","Urban","177","3","180"
"39330267","GPS CHAK 21 2L","RENALA KHURD","RENALA KHURD - MALE","Primary","Male","Rural","187","44","231"
"39330251","GPS CHAK 17/1-L","RENALA KHURD","RENALA KHURD - MALE","Primary","Male","Rural","188","0","188"
"39320367","GPS CHAK NO. 24/2-L","RENALA KHURD","RENALA KHURD - MALE","Primary","Male","Rural","245","0","245"
"39330255","GPS CHAK NO. 15/1-L","RENALA KHURD","RENALA KHURD - MALE","Primary","Male","Rural","174","2","176"
"39330112","GES CHAK 18/1-L","RENALA KHURD","RENALA KHURD - MALE","Middle","Male","Rural","455","0","455"
"39330228","GPS BASTI RAHIM BUKHSH RENALA KHURD","RENALA KHURD","RENALA KHURD - MALE","Primary","Male","Urban","329","0","329"
"39330229","GPS ANWAR SHAHEED COLONY","RENALA KHURD","RENALA KHURD - MALE","Primary","Male","Urban","479","0","479"
"39310219","GPS HASSOKAY NAOABAD","DEPALPUR","ROHILA MATELA-MALE","Primary","Male","Rural","54","12","66"
"39310264","GPS JHUGH KHURD","DEPALPUR","ROHILA MATELA-MALE","Primary","Male","Rural","139","0","139"
"39310289","GES ROHAILA MAITLA","DEPALPUR","ROHILA MATELA-MALE","Middle","Male","Rural","259","0","259"
"39310275","GPS KHARAL KALAN","DEPALPUR","ROHILA MATELA-MALE","Primary","Male","Rural","153","0","153"
"39310603","GGPS CHAK MOODA","DEPALPUR","SAHBAY WALA - FEMALE","Primary","Female","Rural","0","212","212"
"39310173","GGES SOORA SINGH","DEPALPUR","SAHBAY WALA - FEMALE","Middle","Female","Rural","0","180","180"
"39310164","GGES BAKHOO SHAH","DEPALPUR","SAHBAY WALA - FEMALE","Middle","Female","Rural","0","245","245"
"39310729","GGES GUNGO WAL","DEPALPUR","SAHBAY WALA - FEMALE","Middle","Female","Rural","0","156","156"
"39310607","GGPS SAHIBA WALA NO. 1","DEPALPUR","SAHBAY WALA - FEMALE","Primary","Female","Rural","25","56","81"
"39310626","GGPS CHANDOOR VIA BASEER PUR","DEPALPUR","SAHBAY WALA - FEMALE","Primary","Female","Rural","32","36","68"
"39310718","GGPS ADDA PUR","DEPALPUR","SAHBAY WALA - FEMALE","Primary","Female","Rural","36","21","57"
"39311014","GGES THATHA RANGRAN WALA","DEPALPUR","SAHBAY WALA - FEMALE","Middle","Female","Rural","56","71","127"
"39311005","GGES CHAK MIAN MUHAMMAD SIDDIQUE","DEPALPUR","SAHBAY WALA - FEMALE","Middle","Female","Rural","60","64","124"
"39310845","GMPS JAMAL KEY","DEPALPUR","SAHBAY WALA - FEMALE","Primary","Female","Rural","79","64","143"
"39310608","GGPS DEEP SINGH","DEPALPUR","SAHBAY WALA - FEMALE","Primary","Female","Rural","78","85","163"
"39311079","GPS KOT BEDI (PAKKAY NARAIN)","DEPALPUR","SAHBAY WALA - MALE","Primary","Male","Rural","50","58","108"
"39310844","GPS JUGIAN AZAM","DEPALPUR","SAHBAY WALA - MALE","Primary","Male","Rural","63","50","113"
"39310316","GPS SAHIBA WALA","DEPALPUR","SAHBAY WALA - MALE","Primary","Male","Rural","75","64","139"
"39310330","GPS TURBAT SHAH HUSSAIN","DEPALPUR","SAHBAY WALA - MALE","Primary","Male","Rural","51","63","114"
"39310335","GPS CHAK UTTAM SINGH","DEPALPUR","SAHBAY WALA - MALE","Primary","Male","Rural","74","61","135"
"39310344","GES JALAL KOT","DEPALPUR","SAHBAY WALA - MALE","Middle","Male","Rural","83","23","106"
"39310609","GPS MAHBOOB SHAH","DEPALPUR","SAHBAY WALA - MALE","Primary","Male","Rural","93","63","156"
"39310328","GPS MARRAH","DEPALPUR","SAHBAY WALA - MALE","Primary","Male","Rural","77","89","166"
"39310072","GES MOODA","DEPALPUR","SAHBAY WALA - MALE","Middle","Male","Rural","216","0","216"
"39310080","GES DOULA MEHAR CHAND","DEPALPUR","SAHBAY WALA - MALE","Middle","Male","Rural","255","0","255"
"39310052","GGHS NO. 2 HAVELI LAKHA RAILWAY ROAD","DEPALPUR","SECONDARY-WING","High","Female","Urban","0","1842","1842"
"39330003","GGHSS RENALA KHURD","RENALA KHURD","SECONDARY-WING","H.Sec.","Female","Urban","0","844","844"
"39320069","GGHS 40/3-R","OKARA","SECONDARY-WING","High","Female","Rural","0","824","824"
"39320071","GGHS CHAK NO. 32/2-L","OKARA","SECONDARY-WING","High","Female","Rural","0","674","674"
"39320077","GGHS JANDRAKA","OKARA","SECONDARY-WING","High","Female","Rural","0","1251","1251"
"39310163","GGHS PIPLI PAHAR","DEPALPUR","SECONDARY-WING","High","Female","Rural","0","623","623"
"39310162","GGHS DEPALPUR NO 4","DEPALPUR","SECONDARY-WING","High","Female","Urban","0","590","590"
"39320116","GGHS 52/3-R","OKARA","SECONDARY-WING","High","Female","Rural","0","812","812"
"39320955","GGHS MC JUNIOR MODEL KOT AMIR ALI SHAH OKARA","OKARA","SECONDARY-WING","High","Female","Urban","0","787","787"
"39310124","GGHS GADDY WAL","DEPALPUR","SECONDARY-WING","High","Female","Rural","0","822","822"
"39320166","GGHS 54/2-L","OKARA","SECONDARY-WING","High","Female","Rural","0","1488","1488"
"39310148","GGHS MANDI HAVELI","DEPALPUR","SECONDARY-WING","High","Female","Urban","0","774","774"
"39310175","GGHS 38 D KALAN","DEPALPUR","SECONDARY-WING","High","Female","Rural","0","580","580"
"39320115","GGHS FATEH PUR","OKARA","SECONDARY-WING","High","Female","Rural","0","762","762"
"39310978","GGHS CHAK NO. 40/D DEPALPUR","DEPALPUR","SECONDARY-WING","High","Female","Rural","0","663","663"
"39330119","GGHS ANWAR SHAHEED COLONY","RENALA KHURD","SECONDARY-WING","High","Female","Urban","0","867","867"
"39320134","GGHS CHAK NO.44/2-L","OKARA","SECONDARY-WING","High","Female","Rural","0","412","412"
"39310115","GGHS SODHIWAL","DEPALPUR","SECONDARY-WING","High","Female","Rural","0","688","688"
"39330064","GGHS CHAK NO. 4/1-RA","RENALA KHURD","SECONDARY-WING","High","Female","Rural","0","598","598"
"39310053","GGHS SOBHA RAM","DEPALPUR","SECONDARY-WING","High","Female","Rural","0","698","698"
"39320061","GGHSS CHAK NO.18/G.D","OKARA","SECONDARY-WING","H.Sec.","Female","Rural","0","784","784"
"39320114","GGHS BAHADAR NAGER FARM","OKARA","SECONDARY-WING","High","Female","Rural","0","571","571"
"39310114","GGHS RASOOL PUR","DEPALPUR","SECONDARY-WING","High","Female","Rural","0","453","453"
"39330157","GGHS CHAK NO. 5-1/RA","RENALA KHURD","SECONDARY-WING","High","Female","Rural","0","697","697"
"39310049","GGHS CHAK NO. 1/SP WASAWAY WALA","DEPALPUR","SECONDARY-WING","High","Female","Urban","0","637","637"
"39320141","GGHS 21/G.D","OKARA","SECONDARY-WING","High","Female","Rural","0","623","623"
"39330152","GGHS L-PLOT FOUJIAN","RENALA KHURD","SECONDARY-WING","High","Female","Rural","0","553","553"
"39320142","GGHS 48/3-R","OKARA","SECONDARY-WING","High","Female","Rural","0","473","473"
"39321025","GGHS ARAZI WADHAVA","OKARA","SECONDARY-WING","High","Female","Rural","0","328","328"
"39320169","GGHS CHAK NO. 21/4-L","OKARA","SECONDARY-WING","High","Female","Rural","0","553","553"
"39330143","GGHS SATGHARA","OKARA","SECONDARY-WING","High","Female","Rural","0","466","466"
"39330107","GGHS CHAK NO. 24/2-R","OKARA","SECONDARY-WING","High","Female","Rural","0","464","464"
"39320137","GGHS CHAK NO. 24/2.L","RENALA KHURD","SECONDARY-WING","High","Female","Rural","0","520","520"
"39320122","GGHS CHAK NO.23/2-L","RENALA KHURD","SECONDARY-WING","High","Female","Rural","0","523","523"
"39330130","GGHS CHAK NO. 14/1-L","RENALA KHURD","SECONDARY-WING","High","Female","Rural","0","476","476"
"39330554","GGHS 8-1/AL","RENALA KHURD","SECONDARY-WING","High","Female","Rural","0","325","325"
"39320140","GGHS 32/2-R OKARA","OKARA","SECONDARY-WING","High","Female","Rural","0","323","323"
"39320163","GGHS CHAK NO. 14/G.D","OKARA","SECONDARY-WING","High","Female","Rural","0","367","367"
"39321016","GGHS CHAK NO. 36/2-L","OKARA","SECONDARY-WING","High","Female","Rural","0","442","442"
"39320968","GGHS AKBAR OKARA","OKARA","SECONDARY-WING","High","Female","Rural","0","388","388"
"39320502","GGHS SHEIKHU SHARIF","OKARA","SECONDARY-WING","High","Female","Rural","0","390","390"
"39320111","GGHS 24/G.D","OKARA","SECONDARY-WING","High","Female","Rural","0","544","544"
"39330131","GGHS 16/1-AL","RENALA KHURD","SECONDARY-WING","High","Female","Rural","0","407","407"
"39310042","GGHS JAMAL KOT","DEPALPUR","SECONDARY-WING","High","Female","Rural","0","161","161"
"39310130","GGHS SONDHA SINGH","DEPALPUR","SECONDARY-WING","High","Female","Rural","0","240","240"
"39320155","GGHS 12/G.D","OKARA","SECONDARY-WING","High","Female","Rural","0","300","300"
"39320485","GGHS 42/G.D","OKARA","SECONDARY-WING","High","Female","Rural","0","313","313"
"39330164","GGHS ISLAM PUR","RENALA KHURD","SECONDARY-WING","High","Female","Rural","0","373","373"
"39320957","GGHSS REHMAN COLONY OKARA","OKARA","SECONDARY-WING","H.Sec.","Female","Urban","0","755","755"
"39320663","GGHS CHAK NO. 39/3-R","OKARA","SECONDARY-WING","High","Female","Rural","4","702","706"
"39330133","GGHS 20/1-AL","RENALA KHURD","SECONDARY-WING","High","Female","Rural","0","332","332"
"39330073","GGHSS BAMABALA","RENALA KHURD","SECONDARY-WING","H.Sec.","Female","Rural","3","409","412"
"39320092","GHS JOYIA","OKARA","SECONDARY-WING","High","Male","Rural","367","0","367"
"39320215","GHS CHAK 45/G.D","OKARA","SECONDARY-WING","High","Male","Rural","409","0","409"
"39320001","GHSS ISLAMIA NEW CAMPUS","OKARA","SECONDARY-WING","H.Sec.","Male","Urban","1111","0","1111"
"39320008","GHSS 27/4-L","OKARA","SECONDARY-WING","H.Sec.","Male","Rural","744","1","745"
"39330154","GGHS CHAK NO.13/1R","RENALA KHURD","SECONDARY-WING","High","Female","Rural","1","270","271"
"39320698","GGHS 22/G.D","OKARA","SECONDARY-WING","High","Female","Rural","1","487","488"
"39310054","GGHS MANCHARIAN","DEPALPUR","SECONDARY-WING","High","Female","Rural","1","995","996"
"39320156","GGHS JABOKA","OKARA","SECONDARY-WING","High","Female","Rural","1","751","752"
"39320113","GGHS 38/G.D YOUNG PUR","OKARA","SECONDARY-WING","High","Female","Rural","1","848","849"
"39320118","GGHS CHAK NO. 43/G.D","OKARA","SECONDARY-WING","High","Female","Rural","1","425","426"
"39310630","GGHS KOT SHER KHAN","DEPALPUR","SECONDARY-WING","High","Female","Rural","2","472","474"
"39320640","GGHS CHAK NO. 7/4-L","OKARA","SECONDARY-WING","High","Female","Rural","1","361","362"
"39310045","GGHS KOT SHOUKAT SULTAN","DEPALPUR","SECONDARY-WING","High","Female","Rural","1","1114","1115"
"39310050","GGHS HEAD SULEMANKI","DEPALPUR","SECONDARY-WING","High","Female","Rural","1","646","647"
"39320144","GGHS 23-A/G.D","OKARA","SECONDARY-WING","High","Female","Rural","1","459","460"
"39330158","GGHS MUPAL KAY","RENALA KHURD","SECONDARY-WING","High","Female","Rural","1","475","476"
"39310176","GGHS DHARMA WALA","DEPALPUR","SECONDARY-WING","High","Female","Rural","1","708","709"
"39320159","GGHS KOHLA","OKARA","SECONDARY-WING","High","Female","Rural","2","566","568"
"39320076","GGHS LASHARIAN","OKARA","SECONDARY-WING","High","Female","Rural","2","567","569"
"39320135","GGHS CHAK NO.34/4-L","OKARA","SECONDARY-WING","High","Female","Rural","1","411","412"
"39320479","GGHS 40/G.D","OKARA","SECONDARY-WING","High","Female","Rural","4","187","191"
"39320634","GGHS 40-A/4-L","OKARA","SECONDARY-WING","High","Female","Rural","2","524","526"
"39321015","GGHS CHAK NO. 38/2-RA","OKARA","SECONDARY-WING","High","Female","Rural","3","748","751"
"39330132","GGHS RENALA CITY","RENALA KHURD","SECONDARY-WING","High","Female","Urban","2","965","967"
"39310048","GGHS NO. 1 HAVELI LAKHA MUNAWAR SHAHEED ROAD","DEPALPUR","SECONDARY-WING","High","Female","Urban","1","2139","2140"
"39310131","GGHS BHUTTA MOHABBAT","DEPALPUR","SECONDARY-WING","High","Female","Rural","6","150","156"
"39320067","GGHS SUTLUJ OKARA","OKARA","SECONDARY-WING","High","Female","Urban","2","3286","3288"
"39310172","GGHS JAMO WACHAL","DEPALPUR","SECONDARY-WING","High","Female","Rural","3","520","523"
"39320651","GGHS GHAZI ABAD","OKARA","SECONDARY-WING","High","Female","Urban","7","454","461"
"39321023","GGHS CHAK NO.31/2-L","OKARA","SECONDARY-WING","High","Female","Rural","13","346","359"
"39330586","GGHS CHAK 20/2-L","RENALA KHURD","SECONDARY-WING","High","Female","Rural","7","507","514"
"39310047","GGHS MAIN DARS ROAD BASIR PUR","DEPALPUR","SECONDARY-WING","High","Female","Rural","2","3075","3077"
"39310041","GGHSS MANDI AHMED ABAD","DEPALPUR","SECONDARY-WING","H.Sec.","Female","Urban","7","1594","1601"
"39310043","GGHS HUJRA SHAH MUQEEM","DEPALPUR","SECONDARY-WING","High","Female","Rural","2","1752","1754"
"39310167","GGHS CHAK SHAH MUHAMMAD","DEPALPUR","SECONDARY-WING","High","Female","Rural","17","295","312"
"39330153","NADEEM TANVEER SHAHEED GGHSS CHAK NO.4-GD","RENALA KHURD","SECONDARY-WING","H.Sec.","Female","Rural","16","474","490"
"39310120","GGHS AWAN KALAN","DEPALPUR","SECONDARY-WING","High","Female","Rural","6","326","332"
"39310492","GGHS BONGI RAM SINGH","DEPALPUR","SECONDARY-WING","High","Female","Rural","20","37","57"
"39310140","GGHS MAROOF","DEPALPUR","SECONDARY-WING","High","Female","Rural","39","310","349"
"39310616","GGHS PIR ISLAM","DEPALPUR","SECONDARY-WING","High","Female","Urban","20","482","502"
"39310051","GGHS DEPALPUR","DEPALPUR","SECONDARY-WING","High","Female","Urban","4","2465","2469"
"39320066","GGHS MODEL OKARA CITY","OKARA","SECONDARY-WING","High","Female","Urban","5","3817","3822"
"39320072","GGHS CHAK NO. 52/2-L","OKARA","SECONDARY-WING","High","Female","Rural","10","1017","1027"
"39330580","GGHS 16/1-L","RENALA KHURD","SECONDARY-WING","High","Female","Rural","16","658","674"
"39310044","GGHSS SHER GARRH","DEPALPUR","SECONDARY-WING","H.Sec.","Female","Rural","36","884","920"
"39321014","GGHS BURJ JEWAY KHAN","OKARA","SECONDARY-WING","High","Female","Rural","28","305","333"
"39320074","GGHS 1/4-L","OKARA","SECONDARY-WING","High","Female","Rural","31","1020","1051"
"39330150","GGHS 1/1-RA RENALA KHURD","RENALA KHURD","SECONDARY-WING","High","Female","Rural","43","394","437"
"39310150","GGHS HAKOOMAT GARH","DEPALPUR","SECONDARY-WING","High","Female","Rural","35","457","492"
"39320070","GGHS SADAR GOGERA","OKARA","SECONDARY-WING","High","Female","Rural","22","1659","1681"
"39330583","GGHS 21/2-L","RENALA KHURD","SECONDARY-WING","High","Female","Rural","37","459","496"
"39330124","GGHS 33-1 AL","RENALA KHURD","SECONDARY-WING","High","Female","Rural","44","266","310"
"39330729","GGHS CHAK NO.3/1RA","RENALA KHURD","SECONDARY-WING","High","Female","Rural","56","359","415"
"39330062","GGHS CHAK NO.12/1-L","RENALA KHURD","SECONDARY-WING","High","Female","Rural","17","578","595"
"39330121","GGHS 2/1-AL","RENALA KHURD","SECONDARY-WING","High","Female","Rural","55","595","650"
"39320146","GGHS CHAK NO. 44/G.D","OKARA","SECONDARY-WING","High","Female","Rural","50","268","318"
"39320658","GGHS SABRI COLONY","OKARA","SECONDARY-WING","High","Female","Urban","30","815","845"
"39320431","GGHS JAMIA MADNIA","OKARA","SECONDARY-WING","High","Female","Urban","209","357","566"
"39330151","GGHS CHAK NO.9/GD","RENALA KHURD","SECONDARY-WING","High","Female","Rural","39","231","270"
"39320068","GGHS MC JUNIOR MODEL OKARA","OKARA","SECONDARY-WING","High","Female","Urban","16","1325","1341"
"39330120","GGHS MC MUSLIM TOWN RENALA KHURD","RENALA KHURD","SECONDARY-WING","High","Female","Urban","32","856","888"
"39330065","GGHSS 9/1-AL AKHTAR ABAD","RENALA KHURD","SECONDARY-WING","H.Sec.","Female","Rural","53","996","1049"
"39331002","GGHS  2/1-L","RENALA KHURD","SECONDARY-WING","High","Female","Rural","75","349","424"
"39330148","GGHS MITTHA KALOWAL","RENALA KHURD","SECONDARY-WING","High","Female","Rural","55","331","386"
"39330063","GGHS CHAK NO. 7/1-AL OKARA","RENALA KHURD","SECONDARY-WING","High","Female","Rural","57","631","688"
"39330129","GGHS CHAK NO.10/1L","RENALA KHURD","SECONDARY-WING","High","Female","Rural","56","454","510"
"39330127","GGHS 11-1AL","RENALA KHURD","SECONDARY-WING","High","Female","Rural","66","292","358"
"39320670","GGHS 33/2-RA","OKARA","SECONDARY-WING","High","Female","Rural","353","695","1048"
"39310046","GGHS RAJOWAL","DEPALPUR","SECONDARY-WING","High","Female","Rural","114","343","457"
"39331020","GHS 11/1-AL","RENALA KHURD","SECONDARY-WING","High","Male","Rural","234","73","307"
"39320611","GGHS 55/2.L","OKARA","SECONDARY-WING","High","Female","Rural","141","518","659"
"39331019","GHS CHAK 10/1-AL","RENALA KHURD","SECONDARY-WING","High","Male","Rural","248","0","248"
"39310073","GHS SHAHAMAD","DEPALPUR","SECONDARY-WING","High","Male","Rural","240","1","241"
"39320087","GHS CHAK 32/4-L","OKARA","SECONDARY-WING","High","Male","Rural","296","0","296"
"39330125","GGHS 12/1-AL","RENALA KHURD","SECONDARY-WING","High","Female","Rural","67","495","562"
"39310075","GHS MUSTAFABAD","DEPALPUR","SECONDARY-WING","High","Male","Rural","181","46","227"
"39310085","GHS WANDLA JAGIR","DEPALPUR","SECONDARY-WING","High","Male","Rural","218","143","361"
"39310614","GGHS SHAKOOR ABAD","DEPALPUR","SECONDARY-WING","High","Female","Urban","277","519","796"
"39330029","GHS K PLOT","RENALA KHURD","SECONDARY-WING","High","Male","Rural","223","1","224"
"39320095","GHS SHERKAY ZEREEN","OKARA","SECONDARY-WING","High","Male","Rural","289","23","312"
"39310324","GHS BUNGA SALEH","DEPALPUR","SECONDARY-WING","High","Male","Rural","194","1","195"
"39330054","GHS 7-1R FAUJIAN","RENALA KHURD","SECONDARY-WING","High","Male","Rural","218","24","242"
"39320136","GGHS 4/4-L","OKARA","SECONDARY-WING","High","Female","Rural","85","1008","1093"
"39310077","GHS NO.4 HAVELI LAKHA","DEPALPUR","SECONDARY-WING","High","Male","Urban","313","0","313"
"39310061","GHS 19/D","DEPALPUR","SECONDARY-WING","High","Male","Rural","256","2","258"
"39330038","GHS CHAK NO. 2/1-AL","RENALA KHURD","SECONDARY-WING","High","Male","Rural","408","17","425"
"39320043","GHS CHAK NO.12/1-R","OKARA","SECONDARY-WING","High","Male","Rural","272","0","272"
"39311001","GHS RATTAKEY","DEPALPUR","SECONDARY-WING","High","Male","Rural","313","0","313"
"39330438","GHS CHAK NO. 5/1-RA","RENALA KHURD","SECONDARY-WING","High","Male","Rural","316","1","317"
"39320002","GHSS 40/3.R OKARA","OKARA","SECONDARY-WING","H.Sec.","Male","Rural","505","2","507"
"39320099","GHS CHAK 44/3-R","OKARA","SECONDARY-WING","High","Male","Rural","276","0","276"
"39310006","GHS JANDRAN KALAN","DEPALPUR","SECONDARY-WING","High","Male","Rural","188","0","188"
"39330058","GHS L  PLOT FOUJIAN","RENALA KHURD","SECONDARY-WING","High","Male","Rural","422","0","422"
"39320298","GHS CHAK 36/4.L","OKARA","SECONDARY-WING","High","Male","Rural","413","0","413"
"39311003","GHS MALHOO SHEIKHU KA","DEPALPUR","SECONDARY-WING","High","Male","Rural","319","0","319"
"39330052","GHS CHAK NO.28/2-L OKARA","RENALA KHURD","SECONDARY-WING","High","Male","Rural","277","0","277"
"39310101","GHS AWAN KALAN","DEPALPUR","SECONDARY-WING","High","Male","Rural","298","19","317"
"39310999","GHS JAMAL KOT","DEPALPUR","SECONDARY-WING","High","Male","Rural","167","1","168"
"39310062","GHS QILA DEWAN SINGH","DEPALPUR","SECONDARY-WING","High","Male","Rural","209","43","252"
"39330028","GHS MOPALKAY","RENALA KHURD","SECONDARY-WING","High","Male","Rural","414","0","414"
"39310104","GHS CHAK NO. 55/BD","DEPALPUR","SECONDARY-WING","High","Male","Rural","355","0","355"
"39330036","GHS CHAK NO. 4/1-RA","RENALA KHURD","SECONDARY-WING","High","Male","Rural","337","1","338"
"39320075","GGHS MC LADY PARK OKARA","OKARA","SECONDARY-WING","High","Female","Urban","145","1092","1237"
"39320293","GHS CHAK 43/4-L","OKARA","SECONDARY-WING","High","Male","Rural","398","0","398"
"39310023","GHSS SHER GARH","DEPALPUR","SECONDARY-WING","H.Sec.","Male","Rural","462","0","462"
"39310271","GHS QILA SONDHA SINGH","DEPALPUR","SECONDARY-WING","High","Male","Rural","263","0","263"
"39321021","GHS CHAK 23/2-L","RENALA KHURD","SECONDARY-WING","High","Male","Rural","455","0","455"
"39310994","GHS CHAK GANDA SINGH","DEPALPUR","SECONDARY-WING","High","Male","Rural","217","0","217"
"39310034","GHS 52/D JAHANGIR ABAD","DEPALPUR","SECONDARY-WING","High","Male","Rural","331","0","331"
"39320082","GHS GOGERA KHAS","OKARA","SECONDARY-WING","High","Male","Rural","402","0","402"
"39310100","GHS JAMO WACHAL","DEPALPUR","SECONDARY-WING","High","Male","Rural","351","0","351"
"39310278","GHS KOT SHAH MUSHTAQ","DEPALPUR","SECONDARY-WING","High","Male","Rural","354","64","418"
"39320026","GHS 44/G.D","OKARA","SECONDARY-WING","High","Male","Rural","250","0","250"
"39330041","GHS CHAK 8/1-L","RENALA KHURD","SECONDARY-WING","High","Male","Rural","405","1","406"
"39320091","GHS CHAK 39-A/4L","OKARA","SECONDARY-WING","High","Male","Rural","339","96","435"
"39310417","GHS CHAK NO.50-D","DEPALPUR","SECONDARY-WING","High","Male","Rural","322","0","322"
"39320083","GHS KHUSHI MUHAMMAD 16/GD","OKARA","SECONDARY-WING","High","Male","Rural","295","0","295"
"39330018","GHS KAMMAN","RENALA KHURD","SECONDARY-WING","High","Male","Rural","322","0","322"
"39310064","GHS SHAH PUR","DEPALPUR","SECONDARY-WING","High","Male","Rural","439","0","439"
"39320020","GHS BAHADUR NAGAR FARM","OKARA","SECONDARY-WING","High","Male","Rural","383","0","383"
"39311002","GHS KLASSAN HAMEED","DEPALPUR","SECONDARY-WING","High","Male","Rural","539","4","543"
"39310097","GHS DEVA SINGH","DEPALPUR","SECONDARY-WING","High","Male","Rural","344","0","344"
"39330040","GHS 2 1-L","RENALA KHURD","SECONDARY-WING","High","Male","Rural","411","15","426"
"39310095","GHS CHAK 42/D KALAN","DEPALPUR","SECONDARY-WING","High","Male","Rural","461","0","461"
"39320022","GHS 7/4-L OKARA","OKARA","SECONDARY-WING","High","Male","Rural","437","0","437"
"39320045","GHS KOHLA","OKARA","SECONDARY-WING","High","Male","Rural","612","0","612"
"39310002","GHS NO 2 HAVELI","DEPALPUR","SECONDARY-WING","High","Male","Urban","703","0","703"
"39310031","GHS CHAK NO. 3/SP OKARA","DEPALPUR","SECONDARY-WING","High","Male","Rural","337","0","337"
"39310094","GHS CHAK 43-D KALAN","DEPALPUR","SECONDARY-WING","High","Male","Rural","328","1","329"
"39310026","GHS DHULIANA","DEPALPUR","SECONDARY-WING","High","Male","Rural","430","0","430"
"39330057","GHSS BAMA BALA","RENALA KHURD","SECONDARY-WING","H.Sec.","Male","Rural","350","0","350"
"39320053","GHS BAKHSHU","OKARA","SECONDARY-WING","High","Male","Rural","335","0","335"
"39310098","GHS MAZHAR ABAD","DEPALPUR","SECONDARY-WING","High","Male","Rural","244","81","325"
"39310060","GHS BHOKAN","DEPALPUR","SECONDARY-WING","High","Male","Rural","495","0","495"
"39330051","GHS 7/1-AL OKARA","RENALA KHURD","SECONDARY-WING","High","Male","Rural","401","1","402"
"39310019","GHS MIRZA PUR","DEPALPUR","SECONDARY-WING","High","Male","Rural","129","0","129"
"39310105","GHS QILA TARA SINGH","DEPALPUR","SECONDARY-WING","High","Male","Rural","477","0","477"
"39310995","GHS RUKAN PURA","DEPALPUR","SECONDARY-WING","High","Male","Rural","443","0","443"
"39320966","GHS MC GHAFOOR COLONY OKARA","OKARA","SECONDARY-WING","High","Male","Urban","672","1","673"
"39331012","GHS SATGARHA","OKARA","SECONDARY-WING","High","Male","Rural","448","0","448"
"39330271","GHS CHAK NO 7/1.L","RENALA KHURD","SECONDARY-WING","High","Male","Rural","328","0","328"
"39320011","GHS 38/G.D YOUNG PUR","OKARA","SECONDARY-WING","High","Male","Rural","438","0","438"
"39310032","GHS ROHELA TAJEKA","DEPALPUR","SECONDARY-WING","High","Male","Rural","498","1","499"
"39320021","GHS CHAK NO.32/2-L","OKARA","SECONDARY-WING","High","Male","Rural","536","0","536"
"39310066","GHS 20/D","DEPALPUR","SECONDARY-WING","High","Male","Rural","205","0","205"
"39310057","GHS KALAIR KALAN","DEPALPUR","SECONDARY-WING","High","Male","Rural","346","19","365"
"39310021","GHS BHUMAN SHAH","DEPALPUR","SECONDARY-WING","High","Male","Rural","410","0","410"
"39330046","GHS AJIT SAR","RENALA KHURD","SECONDARY-WING","High","Male","Rural","287","0","287"
"39320012","GHS FARIDIA FAIZ E AAM  MURDANI","OKARA","SECONDARY-WING","High","Male","Rural","377","0","377"
"39320106","GHS CHAK NO. 14/GD RAZA ABAD","OKARA","SECONDARY-WING","High","Male","Rural","328","0","328"
"39320017","GHS LASHARI","OKARA","SECONDARY-WING","High","Male","Rural","342","0","342"
"39320037","GHS 43/G.D","OKARA","SECONDARY-WING","High","Male","Rural","399","0","399"
"39310035","GHS CHAK NO. 40-D  DEPAL PUR","DEPALPUR","SECONDARY-WING","High","Male","Rural","489","0","489"
"39330050","GHS 33 1 AL OKARA","RENALA KHURD","SECONDARY-WING","High","Male","Rural","236","0","236"
"39310029","SHAHEED IRFAN MEHMOOD GOVT. H/S BHELA GULAB SINGH","DEPALPUR","SECONDARY-WING","High","Male","Rural","474","76","550"
"39330039","GHS 4 1 L","RENALA KHURD","SECONDARY-WING","High","Male","Rural","363","0","363"
"39310025","GHS BHUTTA MOHABAT","DEPALPUR","SECONDARY-WING","High","Male","Rural","328","61","389"
"39330048","GHS CHAK NO. 25/2-R","OKARA","SECONDARY-WING","High","Male","Rural","443","0","443"
"39310024","GHS RAJOWAL","DEPALPUR","SECONDARY-WING","High","Male","Rural","239","52","291"
"39310013","GHS MANCHRIAN","DEPALPUR","SECONDARY-WING","High","Male","Rural","555","0","555"
"39320047","GHS 27/G.D","OKARA","SECONDARY-WING","High","Male","Rural","444","0","444"
"39320084","GHS BURJ JIWAY KHAN","OKARA","SECONDARY-WING","High","Male","Rural","436","0","436"
"39320096","GHS CHAK NO. 54/2-L","OKARA","SECONDARY-WING","High","Male","Rural","700","0","700"
"39310015","GHS DELMAN GUNJ OKARA","DEPALPUR","SECONDARY-WING","High","Male","Rural","469","0","469"
"39330016","GHS CHAK NO 20-1AL","RENALA KHURD","SECONDARY-WING","High","Male","Rural","537","0","537"
"39310220","GHS RASOOL PUR","DEPALPUR","SECONDARY-WING","High","Male","Rural","453","0","453"
"39320019","GHS 12/ G.D","OKARA","SECONDARY-WING","High","Male","Rural","382","0","382"
"39320359","GHS 31/2.L","OKARA","SECONDARY-WING","High","Male","Rural","429","0","429"
"39310028","GHS ATTARI","DEPALPUR","SECONDARY-WING","High","Male","Rural","340","9","349"
"39330032","GHSS CHAK NO. 9/1-AL AKHTAR ABAD","RENALA KHURD","SECONDARY-WING","H.Sec.","Male","Rural","703","0","703"
"39320006","GHS CHAK NO. 18/G.D","OKARA","SECONDARY-WING","High","Male","Rural","482","1","483"
"39320090","GHS CHAK NO. 36/2-L","OKARA","SECONDARY-WING","High","Male","Rural","599","0","599"
"39310036","GHS JAITH PUR","DEPALPUR","SECONDARY-WING","High","Male","Rural","438","0","438"
"39320007","GHS  21/G.D","OKARA","SECONDARY-WING","High","Male","Rural","569","0","569"
"39320081","GHS SHAREEN","OKARA","SECONDARY-WING","High","Male","Rural","540","1","541"
"39310004","GHS 43/SP","DEPALPUR","SECONDARY-WING","High","Male","Rural","328","0","328"
"39320042","GHS AKBAR","OKARA","SECONDARY-WING","High","Male","Rural","540","1","541"
"39310018","GHS KANDUWAL SARAY","DEPALPUR","SECONDARY-WING","High","Male","Rural","346","0","346"
"39310082","GHS LADHEY WAL","DEPALPUR","SECONDARY-WING","High","Male","Rural","440","0","440"
"39310030","GHS WASAWEY WALA","DEPALPUR","SECONDARY-WING","High","Male","Rural","348","1","349"
"39320010","GHS 34 GD","OKARA","SECONDARY-WING","High","Male","Rural","444","2","446"
"39320044","GHS 24/G.D","OKARA","SECONDARY-WING","High","Male","Rural","591","0","591"
"39320030","GHS 32/2.R-A","OKARA","SECONDARY-WING","High","Male","Rural","458","0","458"
"39310014","GHS NEHRANWALA","DEPALPUR","SECONDARY-WING","High","Male","Rural","490","0","490"
"39320080","GHS 40/G.D","OKARA","SECONDARY-WING","High","Male","Rural","248","0","248"
"39320100","GHS 48/3-R","OKARA","SECONDARY-WING","High","Male","Rural","647","0","647"
"39310016","GHS AMLI MOTI","DEPALPUR","SECONDARY-WING","High","Male","Rural","355","0","355"
"39320024","GHS CMR OKARA","OKARA","SECONDARY-WING","High","Male","Urban","682","0","682"
"39320009","GHS FATEH PUR","OKARA","SECONDARY-WING","High","Male","Rural","761","0","761"
"39320088","GHS CHAK 37/4-L","OKARA","SECONDARY-WING","High","Male","Rural","671","0","671"
"39320056","GHS JABOKA","OKARA","SECONDARY-WING","High","Male","Rural","564","13","577"
"39320038","GHS 51/3-R OKARA","OKARA","SECONDARY-WING","High","Male","Rural","620","0","620"
"39320027","GHS CHAK NO. 1/4-L","OKARA","SECONDARY-WING","High","Male","Rural","819","0","819"
"39310005","GHS KOT SHAUKAT SULTAN","DEPALPUR","SECONDARY-WING","High","Male","Urban","901","0","901"
"39310058","GHS NAI ABADI HUJRA SHAH MUQEEM","DEPALPUR","SECONDARY-WING","High","Male","Rural","320","0","320"
"39310099","GHS CHAK 38-D KALAN","DEPALPUR","SECONDARY-WING","High","Male","Rural","689","1","690"
"39310020","GHS DHARMAY WALA","DEPALPUR","SECONDARY-WING","High","Male","Rural","561","0","561"
"39320031","GHS CHAK NO. 52/2-L OKARA","OKARA","SECONDARY-WING","High","Male","Rural","755","3","758"
"39310007","GHS CHAK NO.34/4-L","OKARA","SECONDARY-WING","High","Male","Rural","404","0","404"
"39330001","GHSS RENALA KHURD","RENALA KHURD","SECONDARY-WING","H.Sec.","Male","Urban","800","1","801"
"39330060","GHS 4/G.D","RENALA KHURD","SECONDARY-WING","High","Male","Rural","507","3","510"
"39330015","GHS 12 1L OKARA","RENALA KHURD","SECONDARY-WING","High","Male","Rural","470","0","470"
"39320033","GHS 40-A/4-L","OKARA","SECONDARY-WING","High","Male","Rural","716","0","716"
"39310027","GHSS MANDI AHAMD ABAD","DEPALPUR","SECONDARY-WING","H.Sec.","Male","Urban","711","0","711"
"39310017","GHS CHIPLI PUR","DEPALPUR","SECONDARY-WING","High","Male","Rural","611","0","611"
"39321027","GHS PILOT MILITARY FARM","OKARA","SECONDARY-WING","High","Male","Rural","557","0","557"
"39310076","GHS CHAURASTA MIAN KHAN","DEPALPUR","SECONDARY-WING","High","Male","Rural","1156","0","1156"
"39311052","GHS BASIR PUR TOWN","DEPALPUR","SECONDARY-WING","High","Male","Urban","1268","0","1268"
"39320097","GHS ASHRAF UL MADARAS","OKARA","SECONDARY-WING","High","Male","Urban","1270","0","1270"
"39310010","GHS DEPALPUR TOWN","DEPALPUR","SECONDARY-WING","High","Male","Urban","477","0","477"
"39320003","GHS SADAR GOGERA","OKARA","SECONDARY-WING","High","Male","Rural","1229","0","1229"
"39320059","GHS JANDRAKA","OKARA","SECONDARY-WING","High","Male","Rural","969","0","969"
"39330014","GHS MODEL RENALA KHURD","RENALA KHURD","SECONDARY-WING","High","Male","Urban","1150","0","1150"
"39330055","GHS CHUCHAK","RENALA KHURD","SECONDARY-WING","High","Male","Rural","932","0","932"
"39320023","GHS SUTLUJ OKARA","OKARA","SECONDARY-WING","High","Male","Urban","1326","0","1326"
"39330013","GHS MILLAT RENALA KHURD G T ROAD","RENALA KHURD","SECONDARY-WING","High","Male","Urban","931","0","931"
"39321028","GHS ISLAMIA OKARA CITY","OKARA","SECONDARY-WING","High","Male","Urban","1440","0","1440"
"39310009","GHS DEPALPUR","DEPALPUR","SECONDARY-WING","High","Male","Urban","1315","0","1315"
"39310022","GHS HUJRA SHAH MUQEEM","DEPALPUR","SECONDARY-WING","High","Male","Urban","1548","2","1550"
"39310011","GHS HAVELI NO.1 RAILWAY ROAD HAVELI LAKHA","DEPALPUR","SECONDARY-WING","High","Male","Urban","1638","0","1638"
"39310993","GHS NO. 1 BASIR PUR MAIN ROAD","DEPALPUR","SECONDARY-WING","High","Male","Urban","1634","1","1635"
"39321026","GHS M.C OKARA","OKARA","SECONDARY-WING","High","Male","Urban","2865","1","2866"
"39310139","GGES CHAK IBRAHIM BASIR PUR","DEPALPUR","SHAHAMAD-FEMALE","Middle","Female","Urban","0","976","976"
"39310612","GGES NAHAL MOHAR","DEPALPUR","SHAHAMAD-FEMALE","Middle","Female","Rural","0","306","306"
"39310636","GGPS BATAK","DEPALPUR","SHAHAMAD-FEMALE","Primary","Female","Rural","0","186","186"
"39310967","GGPS SHAHMAD","DEPALPUR","SHAHAMAD-FEMALE","Primary","Female","Rural","0","136","136"
"39310629","GGES KALASAN HAMEED","DEPALPUR","SHAHAMAD-FEMALE","Middle","Female","Rural","0","221","221"
"39310611","GGPS KUAYKI JAGEER","DEPALPUR","SHAHAMAD-FEMALE","Primary","Female","Rural","9","117","126"
"39310116","GGES AMIRA TEJAY KA","DEPALPUR","SHAHAMAD-FEMALE","Middle","Female","Rural","34","133","167"
"39310628","GGPS REHMAT KOT","DEPALPUR","SHAHAMAD-FEMALE","Primary","Female","Rural","56","75","131"
"39320626","GGES 36-A/4.L","OKARA","SHAHBORE - FEMALE","Middle","Female","Rural","0","327","327"
"39320636","GGES 38/4.L","OKARA","SHAHBORE - FEMALE","Middle","Female","Rural","0","190","190"
"39320615","GGPS 43/4.L","OKARA","SHAHBORE - FEMALE","Primary","Female","Rural","0","256","256"
"39320649","GGPS 32/4-L","OKARA","SHAHBORE - FEMALE","Primary","Female","Rural","0","159","159"
"39320630","GGPS 37-38/4.L","OKARA","SHAHBORE - FEMALE","Primary","Female","Rural","0","136","136"
"39320648","GGPS 35/4.L","OKARA","SHAHBORE - FEMALE","Primary","Female","Rural","1","184","185"
"39320635","GGPS CHAK NO. 40/4-L","OKARA","SHAHBORE - FEMALE","Primary","Female","Rural","8","47","55"
"39320628","GMPS CHAK NO. 33/4-L","OKARA","SHAHBORE - FEMALE","Primary","Female","Rural","81","111","192"
"39320646","GMPS 41/4-L","OKARA","SHAHBORE - FEMALE","Primary","Female","Rural","80","85","165"
"39320275","GPS CHAK 19/4L","OKARA","SHAHBORE - MALE","Primary","Male","Rural","69","57","126"
"39320276","GPS 20/4-L","OKARA","SHAHBORE - MALE","Primary","Male","Rural","68","52","120"
"39320859","GPS 17/4-L OKARA CANTT","OKARA","SHAHBORE - MALE","Primary","Male","Rural","50","65","115"
"39320282","GPS 23-A/4.L","OKARA","SHAHBORE - MALE","Primary","Male","Rural","89","68","157"
"39320274","GPS CHAK 24/4-L","OKARA","SHAHBORE - MALE","Primary","Male","Rural","131","0","131"
"39320303","GPS 37-38/2.L","OKARA","SHAHBORE - MALE","Primary","Male","Rural","131","0","131"
"39320279","GPS CHAK NO. 21/4-L","OKARA","SHAHBORE - MALE","Primary","Male","Rural","178","0","178"
"39320089","GES 18/4-L","OKARA","SHAHBORE - MALE","Middle","Male","Rural","451","0","451"
"39310333","GPS 10-D HAMONA ABAD","DEPALPUR","SHAHMAND-MALE","Primary","Male","Rural","85","45","130"
"39310327","GPS PURAN","DEPALPUR","SHAHMAND-MALE","Primary","Male","Rural","80","74","154"
"39310202","GPS AMIRA TAJEKA","DEPALPUR","SHAHMAND-MALE","Primary","Male","Rural","120","87","207"
"39310351","GES DULLEY KEY MAHAR","DEPALPUR","SHAHMAND-MALE","Middle","Male","Rural","103","64","167"
"39310331","GPS NEHAL MAHAR","DEPALPUR","SHAHMAND-MALE","Primary","Male","Rural","230","1","231"
"39310569","GGPS SHAMAS KAY","DEPALPUR","SHAMAS KAY - FEMALE","Primary","Female","Rural","0","157","157"
"39310544","GGCMS CHAK NO. 2/D","DEPALPUR","SHAMAS KAY - FEMALE","Primary","Female","Rural","0","219","219"
"39310572","GGPS GHOUS PUR GUJJRAN (GATHAY PHAKNI)","DEPALPUR","SHAMAS KAY - FEMALE","Primary","Female","Rural","9","103","112"
"39310585","GMPS KHAN BAHADAR","DEPALPUR","SHAMAS KAY - FEMALE","Primary","Female","Rural","61","117","178"
"39310533","GGPS THATHA MIANA","DEPALPUR","SHAMAS KAY - FEMALE","Primary","Female","Rural","58","80","138"
"39310567","GMPS DHUL GEHLA","DEPALPUR","SHAMAS KAY - FEMALE","Primary","Female","Rural","54","56","110"
"39310577","GGPS SHER NAGAR","DEPALPUR","SHAMAS KAY - FEMALE","Primary","Female","Rural","57","80","137"
"39310580","GMPS AMAN WALA NO. 1","DEPALPUR","SHAMAS KAY - FEMALE","Primary","Female","Rural","57","63","120"
"39311015","GGES  4-D","DEPALPUR","SHAMAS KAY - FEMALE","Middle","Female","Rural","56","189","245"
"39310126","GGES SEHTI","DEPALPUR","SHAMAS KAY - FEMALE","Middle","Female","Rural","70","116","186"
"39311008","GGES DHOOL CHOHAR","DEPALPUR","SHAMAS KAY - FEMALE","Middle","Female","Rural","87","161","248"
"39310581","GGCMS RAJ GARRH","DEPALPUR","SHAMAS KAY - FEMALE","Primary","Female","Rural","141","156","297"
"39310287","GPS MAHTAM","DEPALPUR","SHAMAS KAY - MALE","Primary","Male","Rural","74","36","110"
"39310231","GPS KHANAN WALI HUJRA","DEPALPUR","SHAMAS KAY - MALE","Primary","Male","Urban","102","49","151"
"39310262","GPS SHAMAS KAY","DEPALPUR","SHAMAS KAY - MALE","Primary","Male","Rural","136","0","136"
"39310267","GPS BATTIAN","DEPALPUR","SHAMAS KAY - MALE","Primary","Male","Rural","116","0","116"
"39310269","GPS GHOUS PUR GUJJRAN (GHATTAY PHAKNI)","DEPALPUR","SHAMAS KAY - MALE","Primary","Male","Rural","119","0","119"
"39310232","GPS ABDULLAH COLONY","DEPALPUR","SHAMAS KAY - MALE","Primary","Male","Urban","184","0","184"
"39310242","GPS SHEIN WALA","DEPALPUR","SHAMAS KAY - MALE","Primary","Male","Rural","160","124","284"
"39310265","GPS PHULER WAN WAZIR KE","DEPALPUR","SHAMAS KAY - MALE","Primary","Male","Rural","148","51","199"
"39310261","GPS CHAK NO.18-D","DEPALPUR","SHAMAS KAY - MALE","Primary","Male","Rural","269","1","270"
"39320117","GGES 45/G.D OKARA","OKARA","SHEIKHU SHARIF - FEMALE","Middle","Female","Rural","0","388","388"
"39320501","GGPS 25/G.D","OKARA","SHEIKHU SHARIF - FEMALE","Primary","Female","Rural","0","129","129"
"39320480","GGPS 39/G.D","OKARA","SHEIKHU SHARIF - FEMALE","Primary","Female","Rural","25","84","109"
"39320504","GGPS ROSHAN KAY DHEERO KAY","OKARA","SHEIKHU SHARIF - FEMALE","Primary","Female","Rural","48","73","121"
"39321035","GGPS THATHA MADOO KA","OKARA","SHEIKHU SHARIF - FEMALE","Primary","Female","Rural","49","51","100"
"39320477","GMPS THATHA GHULAM KAY","OKARA","SHEIKHU SHARIF - FEMALE","Primary","Female","Rural","61","69","130"
"39320751","GMPS PIR ALI","OKARA","SHEIKHU SHARIF - FEMALE","Primary","Female","Rural","168","177","345"
"39320094","GES TARIQ ABAD","OKARA","SHEIKHU SHARIF - MALE","Middle","Male","Rural","105","0","105"
"39320344","GPS 28/G.D","OKARA","SHEIKHU SHARIF - MALE","Primary","Male","Rural","42","69","111"
"39320190","GPS SHEIKHU SHARIF","OKARA","SHEIKHU SHARIF - MALE","Primary","Male","Rural","127","0","127"
"39320342","GPS FEROZE","OKARA","SHEIKHU SHARIF - MALE","Primary","Male","Rural","67","73","140"
"39320818","GPS ABADI CHADHRAN","OKARA","SHEIKHU SHARIF - MALE","Primary","Male","Rural","77","59","136"
"39320336","GPS NOTHA KHICHI","OKARA","SHEIKHU SHARIF - MALE","Primary","Male","Rural","67","68","135"
"39320183","GES MEERAK","OKARA","SHEIKHU SHARIF - MALE","Middle","Male","Rural","186","1","187"
"39320884","GES JANDRAKA","OKARA","SHEIKHU SHARIF - MALE","Middle","Male","Rural","325","0","325"
"39310128","GGES 19-D","DEPALPUR","SHER GARH - FEMALE","Middle","Female","Rural","0","281","281"
"39310129","GGES 18/D SHER GARH","DEPALPUR","SHER GARH - FEMALE","Middle","Female","Rural","0","354","354"
"39310558","GGES CHAK NO. 24/D","DEPALPUR","SHER GARH - FEMALE","Middle","Female","Rural","0","285","285"
"39310575","GGPS SIDDIQUE NAGAR SHAIR GARRH","DEPALPUR","SHER GARH - FEMALE","Primary","Female","Urban","0","181","181"
"39310579","GMPS BONGA SODHI WALA","DEPALPUR","SHER GARH - FEMALE","Primary","Female","Rural","85","82","167"
"39311007","GGES AWAN OUTAR","DEPALPUR","SHER GARH - FEMALE","Middle","Female","Rural","53","78","131"
"39311011","GGES THATHA MEHAR ALI SHAH","DEPALPUR","SHER GARH - FEMALE","Middle","Female","Rural","31","73","104"
"39311012","GGES CHAK NO. 33-D","DEPALPUR","SHER GARH - FEMALE","Middle","Female","Rural","0","264","264"
"39311072","GGES CHAK WALAIT ALI SHAH","DEPALPUR","SHER GARH - FEMALE","Middle","Female","Rural","25","63","88"
"39311073","GGES CHAK NO. 25/D","DEPALPUR","SHER GARH - FEMALE","Middle","Female","Rural","2","161","163"
"39311087","GGPS CHAH GEHNEY WALA","DEPALPUR","SHER GARH - FEMALE","Primary","Female","\N","3","3","6"
"39310248","GPS REHMAT WALA","DEPALPUR","SHER GARH - MALE","Primary","Male","Rural","55","52","107"
"39310245","GPS DHOLA DHAPPI","DEPALPUR","SHER GARH - MALE","Primary","Male","Rural","72","37","109"
"39310820","GPS CHAK NO. 17-D","DEPALPUR","SHER GARH - MALE","Primary","Male","Rural","72","74","146"
"39310988","GPS 29/D","DEPALPUR","SHER GARH - MALE","Primary","Male","Rural","107","41","148"
"39310068","GES WANAIKH","DEPALPUR","SHER GARH - MALE","Middle","Male","Rural","232","0","232"
"39310285","GPS 23-D","DEPALPUR","SHER GARH - MALE","Primary","Male","Rural","219","89","308"
"39310260","GPS SHER GARH MOHALLA NOOR SHAH","DEPALPUR","SHER GARH - MALE","Primary","Male","Rural","192","0","192"
"39320138","GGES SIDDIQUE NAGAR OKARA","OKARA","SOUTH CITY - FEMALE","Middle","Female","Urban","0","727","727"
"39320165","GGES 49/2-L","OKARA","SOUTH CITY - FEMALE","Middle","Female","Rural","0","523","523"
"39320666","GGPS DERA BASTI","OKARA","SOUTH CITY - FEMALE","Primary","Female","Rural","0","223","223"
"39320657","GGPS JALAL KOT OKARA","OKARA","SOUTH CITY - FEMALE","Primary","Female","Urban","0","223","223"
"39320613","GGES 51/2.L","OKARA","SOUTH CITY - FEMALE","Middle","Female","Rural","21","353","374"
"39320958","GGPS MC NO. 4 UNION COMMITTEE","OKARA","SOUTH CITY - FEMALE","Primary","Female","Urban","26","39","65"
"39320660","GGPS NEW GARDEN TOWN OKARA","OKARA","SOUTH CITY - FEMALE","Primary","Female","Urban","43","73","116"
"39320672","GGPS CHAK NO. 35/2-RA GHOGHIAN WALA","OKARA","SOUTH CITY - FEMALE","Primary","Female","Rural","29","30","59"
"39320655","GGPS FATEH NOOR TOWN","OKARA","SOUTH CITY - FEMALE","Primary","Female","Urban","43","144","187"
"39320678","GGPS DIL BAGH RAI","OKARA","SOUTH CITY - FEMALE","Primary","Female","Rural","55","74","129"
"39320665","GGES CHAK NO. 35/2-RA","OKARA","SOUTH CITY - FEMALE","Middle","Female","Rural","147","226","373"
"39320962","GGPS MC ZAFAR COLONY","OKARA","SOUTH CITY - FEMALE","Primary","Female","Urban","82","85","167"
"39320664","GMPS CHAK 36-37/2-RA","OKARA","SOUTH CITY - FEMALE","Primary","Female","Rural","168","206","374"
"39310165","GGES PROBAN ABAD","DEPALPUR","SUKH PUR - FEMALE","Middle","Female","Rural","0","314","314"
"39310166","GGES SHAH YAKKA","DEPALPUR","SUKH PUR - FEMALE","Middle","Female","Rural","0","305","305"
"39310522","GGCMES SUKH PUR","DEPALPUR","SUKH PUR - FEMALE","Middle","Female","Rural","0","130","130"
"39310973","GGES KACHA PAKKA","DEPALPUR","SUKH PUR - FEMALE","Middle","Female","Rural","15","220","235"
"39310976","GGPS 51/D","DEPALPUR","SUKH PUR - FEMALE","Primary","Female","Rural","49","68","117"
"39310703","GGPS KHAIR PUR","DEPALPUR","SUKH PUR - FEMALE","Primary","Female","Rural","57","57","114"
"39310695","GMPS CHAK ASAD ULLAH PUR","DEPALPUR","SUKH PUR - FEMALE","Primary","Female","Rural","55","64","119"
"39310741","GGPS SHAH NAWAZ","DEPALPUR","SUKH PUR - FEMALE","Primary","Female","Rural","64","77","141"
"39310946","GPS SHAH NAWAZ","DEPALPUR","SUKH PUR - MALE","Primary","Male","Rural","81","33","114"
"39310986","GPS TULLAH KAMBOH","DEPALPUR","SUKH PUR - MALE","Primary","Male","Rural","99","10","109"
"39310873","GPS CHAK NO. 51-D","DEPALPUR","SUKH PUR - MALE","Primary","Male","Rural","64","49","113"
"39310987","GES MOHAL MUSA KHAN","DEPALPUR","SUKH PUR - MALE","Middle","Male","Rural","198","23","221"
"39310423","GPS THAKAR SINGH","DEPALPUR","SUKH PUR - MALE","Primary","Male","Rural","110","99","209"
"39310430","GPS KACHA PAKA","DEPALPUR","SUKH PUR - MALE","Primary","Male","Rural","161","93","254"
"39310436","GPS DELLIAN WALI","DEPALPUR","SUKH PUR - MALE","Primary","Male","Rural","110","38","148"
"39310440","GPS BHAGWAN PURA","DEPALPUR","SUKH PUR - MALE","Primary","Male","Rural","129","1","130"
"39310103","GES SHAH YAKKA","DEPALPUR","SUKH PUR - MALE","Middle","Male","Rural","606","0","606"
"39310096","GES SUKH PUR","DEPALPUR","SUKH PUR - MALE","Middle","Male","Rural","593","8","601"
"39320638","GGPS 13/4.L","OKARA","TABROOQ - FEMALE","Primary","Female","Rural","0","250","250"
"39320625","GGPS 30/4.L","OKARA","TABROOQ - FEMALE","Primary","Female","Rural","0","130","130"
"39320629","GGPS 31/4.L","OKARA","TABROOQ - FEMALE","Primary","Female","Rural","0","130","130"
"39321034","GGPS CHAK NO. 28-A/4.L","OKARA","TABROOQ - FEMALE","Primary","Female","Rural","0","97","97"
"39320644","GGPS 25/4.L","OKARA","TABROOQ - FEMALE","Primary","Female","Rural","2","115","117"
"39320639","GGPS TABROOQ","OKARA","TABROOQ - FEMALE","Primary","Female","Rural","12","20","32"
"39320620","GGPS 24/4-L","OKARA","TABROOQ - FEMALE","Primary","Female","Rural","28","88","116"
"39320631","GMPS 29/4.L","OKARA","TABROOQ - FEMALE","Primary","Female","Rural","74","90","164"
"39320619","GMPS CHAK NO. 26/4-L","OKARA","TABROOQ - FEMALE","Primary","Female","Rural","62","61","123"
"39320890","GPS ADP KHYBER FARM","OKARA","TABROOQ - MALE","Primary","Male","Rural","31","0","31"
"39320898","GPS ARNUM FARM","OKARA","TABROOQ - MALE","Primary","Male","Urban","40","20","60"
"39320300","GPS 25/4.L","OKARA","TABROOQ - MALE","Primary","Male","Rural","115","0","115"
"39320407","GPS 41/3-R","OKARA","TABROOQ - MALE","Primary","Male","Rural","61","0","61"
"39320283","GPS 28-A/4.L","OKARA","TABROOQ - MALE","Primary","Male","Rural","135","0","135"
"39320291","GPS 28/4.L","OKARA","TABROOQ - MALE","Primary","Male","Rural","85","51","136"
"39320098","GES 42/3.R","OKARA","TABROOQ - MALE","Middle","Male","Rural","167","0","167"
"39320278","GPS 15/4.L","OKARA","TABROOQ - MALE","Primary","Male","Rural","170","0","170"
"39320273","GPS 11/4-L","OKARA","TABROOQ - MALE","Primary","Male","Rural","236","0","236"
"39330558","GGES 15-1/AL","RENALA KHURD","VICTORIA FORM -FEMALE","Middle","Female","Rural","0","277","277"
"39330570","GGES 32/1-AL","RENALA KHURD","VICTORIA FORM -FEMALE","Middle","Female","Rural","0","203","203"
"39330567","GGPS 28/1-AL","RENALA KHURD","VICTORIA FORM -FEMALE","Primary","Female","Rural","0","133","133"
"39330562","GGPS 23-1AL","RENALA KHURD","VICTORIA FORM -FEMALE","Primary","Female","Rural","0","114","114"
"39330561","GGPS CHAK NO. 19/1-AL","RENALA KHURD","VICTORIA FORM -FEMALE","Primary","Female","Rural","3","198","201"
"39330568","GGPS 29/1AL","RENALA KHURD","VICTORIA FORM -FEMALE","Primary","Female","Rural","25","205","230"
"39330560","GGES 18 1-AL","RENALA KHURD","VICTORIA FORM -FEMALE","Middle","Female","Rural","72","186","258"
"39330569","GGPS 30 1AL FARM","RENALA KHURD","VICTORIA FORM -FEMALE","Primary","Female","Rural","36","73","109"
"39330541","GGPS 21-1AL","RENALA KHURD","VICTORIA FORM -FEMALE","Primary","Female","Rural","48","142","190"
"39330591","GMPS 31/1-AL","RENALA KHURD","VICTORIA FORM -FEMALE","Primary","Female","Rural","98","98","196"
"39330857","GPS CHAK TILLAN WALA","RENALA KHURD","VICTORIA -MALE","Primary","Male","Rural","71","80","151"
"39330242","GES CHAK NO 1/1-AL","RENALA KHURD","VICTORIA -MALE","Middle","Male","Rural","208","21","229"
"39330237","GPS CHAK 22/1-AL","RENALA KHURD","VICTORIA -MALE","Primary","Male","Rural","119","2","121"
"39330240","GPS CHAK HUSSAIN ALI SHAH","RENALA KHURD","VICTORIA -MALE","Primary","Male","Rural","132","127","259"
"39331018","GES CHAK 25/1-AL","RENALA KHURD","VICTORIA -MALE","Middle","Male","Rural","177","49","226"
"39330234","GPS CHAK 28/1-AL","RENALA KHURD","VICTORIA -MALE","Primary","Male","Rural","165","0","165"
"39330231","GPS CHAK 17/1-AL","RENALA KHURD","VICTORIA -MALE","Primary","Male","Rural","148","50","198"
"39330257","GPS CHAK 6/1-AL AKHTAR ABAD","RENALA KHURD","VICTORIA -MALE","Primary","Male","Rural","295","0","295"
"39330244","GPS CHAK 4/1-AL KALAN","RENALA KHURD","VICTORIA -MALE","Primary","Male","Rural","137","97","234"
"39331029","GES CHAK NO. 5/1-AL","RENALA KHURD","VICTORIA -MALE","Middle","Male","Rural","230","67","297"
"39330238","GPS CHAK NO. 23/1-AL","RENALA KHURD","VICTORIA -MALE","Primary","Male","Rural","197","0","197"
"39331022","GES CHAK NO. 29/1-AL","RENALA KHURD","VICTORIA -MALE","Middle","Male","Rural","261","0","261"